,unnamed: 0,age,attrition,businesstravel,dailyrate,department,distancefromhome,education,educationfield,employeenumber,environmentsatisfaction,gender,hourlyrate
0,0,51.0,No,,684.0,,6,3,,162.0,1,M,51.0
1,1,52.0,No,,699.0,,1,4,Life Sciences,259.0,3,M,65.0
2,2,42.0,No,rarely,532.0, Research & Development ,4,2,Technical Degree,319.0,3,M,58.0
3,3,47.0,No,rarely,359.0,,2,4,Medical,unknown,1,F,82.0
4,4,46.0,No,,1319.0,,3,3,Technical Degree,unknown,1,F,45.0
5,5,48.0,No,,117.0, Research & Development ,22,3,Medical,1900.0,4,F,58.0
6,6,59.0,No,,1435.0,,25,3,Life Sciences,81.0,1,F,99.0
7,7,42.0,No,rarely,635.0,,1,1,,387.0,2,M,99.0
8,8,41.0,No,,1276.0,,2,5,,unknown,2,F,91.0
9,9,41.0,No,frequently,840.0,,9,3,,999.0,1,M,64.0
10,10,41.0,No,non-travel,247.0,,7,1,,1035.0,2,F,55.0
11,11,56.0,No,rarely,1369.0,,23,3,Life Sciences,unknown,4,M,68.0
12,12,38.0,No,,201.0,,10,3,Medical,unknown,2,F,99.0
13,13,41.0,Yes,rarely,1360.0,,12,3,,58.0,2,F,49.0
14,14,55.0,No,,692.0,,14,4,Medical,unknown,3,M,61.0
15,15,40.0,No,rarely,1398.0,,2,4,,558.0,3,F,79.0
16,16,58.0,Yes,rarely,286.0,,2,4,,825.0,4,M,31.0
17,17,46.0,No,rarely,1402.0,,2,3,,unknown,3,F,69.0
18,18,35.0,No,,819.0,,13,5,Life Sciences,unknown,2,M,48.0
19,19,40.0,No,rarely,884.0,,15,3,Life Sciences,unknown,1,F,80.0
20,20,45.0,No,non-travel,1238.0, Research & Development ,1,1,,1712.0,3,M,74.0
21,21,33.0,No,,515.0,,1,2,Life Sciences,73.0,1,F,98.0
22,22,36.0,No,,1223.0,,8,3,,unknown,3,F,59.0
23,23,47.0,No,,202.0,,2,2,Other,820.0,3,F,33.0
24,24,36.0,No,rarely,928.0,,42,2,Life Sciences,unknown,4,M,56.0
25,25,35.0,No,,607.0,,9,3,Life Sciences,unknown,4,F,66.0
26,26,52.0,Yes,,266.0,,2,1,,unknown,1,F,57.0
27,27,36.0,No,,429.0,,2,4,Life Sciences,1294.0,3,F,53.0
28,28,33.0,No,rarely,589.0,,28,4,Life Sciences,unknown,2,M,79.0
29,29,34.0,No,non-travel,, Sales ,10,3,Life Sciences,1774.0,4,M,87.0
30,30,41.0,No,,, Sales ,37,1,,1815.0,3,F,81.0
31,31,47.0,No,,1180.0, Research & Development ,25,3,Medical,1993.0,1,M,84.0
32,32,53.0,No,rarely,1282.0,,5,3,,32.0,3,F,58.0
33,33,35.0,No,,776.0,,1,4,Marketing,100.0,3,M,32.0
34,34,34.0,No,rarely,665.0,,6,4,Other,unknown,1,F,41.0
35,35,46.0,No,rarely,526.0,,1,2,,244.0,2,F,92.0
36,36,43.0,No,,1034.0,,16,3,,327.0,4,F,80.0
37,37,36.0,No,,1403.0, Research & Development ,6,3,Life Sciences,373.0,4,M,47.0
38,38,60.0,No,frequently,1499.0,,28,3,,unknown,3,F,80.0
39,39,40.0,No,frequently,580.0,,5,4,,729.0,4,M,48.0
40,40,32.0,No,rarely,859.0,,4,3,,830.0,3,F,98.0
41,41,41.0,No,rarely,263.0,,35,3,,unknown,3,M,59.0
42,42,53.0,No,,1376.0,,2,2,Medical,981.0,3,M,
43,43,36.0,Yes,rarely,885.0,,16,4,,1042.0,3,F,43.0
44,44,46.0,No,,1003.0,,8,4,Life Sciences,1080.0,4,F,74.0
45,45,38.0,No,rarely,1321.0,,1,4,,1995.0,4,M,86.0
46,46,51.0,No,,,,1,4,,145.0,1,F,30.0
47,47,43.0,No,,394.0,,26,2,,158.0,3,M,92.0
48,48,37.0,No,,1372.0,,1,3,Life Sciences,391.0,4,F,42.0
49,49,32.0,No,rarely,,,8,2,Technical Degree,436.0,3,F,65.0
50,50,38.0,No,,1333.0,,1,3,,unknown,4,F,80.0
51,51,46.0,No,,228.0,,3,3,Life Sciences,1527.0,3,F,51.0
52,52,35.0,Yes,rarely,737.0,,10,3,Medical,unknown,4,M,55.0
53,53,43.0,No,,823.0,,6,3,Medical,1866.0,1,F,81.0
54,54,56.0,No,non-travel,667.0,,1,4,Life Sciences,2026.0,3,M,57.0
55,55,36.0,No,non-travel,301.0,,15,4,Marketing,unknown,4,M,88.0
56,56,38.0,No,,573.0,,6,3,Medical,107.0,2,F,79.0
57,57,49.0,No,,,,26,4,Medical,170.0,3,F,96.0
58,58,39.0,No,rarely,1329.0,,4,4,Life Sciences,unknown,4,F,47.0
59,59,40.0,No,,630.0,,4,4,,215.0,3,M,67.0
60,60,36.0,No,,,,5,2,,304.0,4,M,62.0
61,61,37.0,No,,1063.0,,25,5,,529.0,2,F,72.0
62,62,35.0,No,,1017.0,,6,4,,691.0,2,M,82.0
63,63,33.0,No,frequently,1296.0,,6,3,Life Sciences,692.0,3,M,
64,64,50.0,No,rarely,939.0, Research & Development ,24,3,,1005.0,4,M,
65,65,48.0,No,rarely,1355.0,,4,4,,1024.0,3,M,78.0
66,66,44.0,No,rarely,1448.0, Sales ,28,3,,1039.0,4,F,53.0
67,67,44.0,No,rarely,200.0,,29,4,,1225.0,4,M,32.0
68,68,40.0,No,,1202.0,,25,1,,1375.0,2,F,89.0
69,69,34.0,No,rarely,404.0,,2,4,,unknown,3,F,98.0
70,70,35.0,No,non-travel,208.0, Research & Development ,8,4,,unknown,3,F,52.0
71,71,50.0,No,,813.0,,17,5,Life Sciences,unknown,4,F,50.0
72,72,49.0,No,,465.0,,6,1,Life Sciences,1661.0,3,F,41.0
73,73,38.0,No,frequently,1189.0,,1,3,Life Sciences,1668.0,4,M,90.0
74,74,33.0,No,,,,21,3,,1698.0,2,M,79.0
75,75,47.0,No,rarely,1001.0,,4,3,Life Sciences,unknown,3,F,92.0
76,76,38.0,No,,1394.0, Research & Development ,8,3,,1937.0,4,F,58.0
77,77,37.0,No,rarely,161.0,,10,3,Life Sciences,2017.0,3,F,42.0
78,78,30.0,No,,288.0,,2,3,,117.0,3,M,99.0
79,79,58.0,No,rarely,682.0,,18,4,,131.0,4,M,37.0
80,80,34.0,No,rarely,1354.0,,5,3,,153.0,3,F,45.0
81,81,58.0,Yes,rarely,147.0,,23,4,Medical,unknown,4,F,94.0
82,82,38.0,No,,119.0,,3,3,Life Sciences,307.0,1,M,76.0
83,83,29.0,No,frequently,1413.0,,1,1,,unknown,2,F,42.0
84,84,55.0,No,rarely,452.0,,1,3,Medical,374.0,4,M,81.0
85,85,41.0,No,,334.0,,10,4,,unknown,4,M,88.0
86,86,39.0,No,rarely,1132.0, Research & Development ,1,3,,unknown,3,M,48.0
87,87,38.0,No,,,,15,2,Life Sciences,unknown,3,M,92.0
88,88,43.0,No,,982.0,,12,3,,unknown,1,M,59.0
89,89,31.0,No,,480.0,,30,2,,524.0,2,F,31.0
90,90,50.0,No,rarely,1099.0, Research & Development ,27,4,Life Sciences,569.0,2,M,88.0
91,91,35.0,No,,672.0,,25,3,Technical Degree,899.0,4,M,78.0
92,92,47.0,No,,1379.0,,16,4,,unknown,3,M,64.0
93,93,35.0,No,,583.0, Research & Development ,25,4,,1014.0,3,F,57.0
94,94,40.0,No,rarely,1492.0,,20,4,,unknown,1,M,61.0
95,95,45.0,No,,1050.0, Sales ,9,4,Life Sciences,1117.0,2,F,65.0
96,96,33.0,No,,117.0, Research & Development ,9,3,Medical,1238.0,1,M,60.0
97,97,36.0,No,frequently,469.0,,3,3,,unknown,3,M,46.0
98,98,45.0,Yes,,,,13,3,Marketing,1277.0,1,F,94.0
99,99,51.0,No,frequently,237.0,,27,3,,unknown,2,M,83.0
100,100,34.0,No,rarely,1440.0,,7,2,Technical Degree,1541.0,2,M,55.0
101,101,43.0,No,rarely,1291.0, Research & Development ,15,2,,1666.0,3,M,65.0
102,102,34.0,No,,1157.0,,5,2,Medical,1696.0,2,M,57.0
103,103,38.0,No,,1336.0,,2,3,,1805.0,1,M,100.0
104,104,48.0,No,,1224.0,,10,3,,unknown,4,M,91.0
105,105,34.0,No,,735.0, Research & Development ,22,4,Other,1932.0,3,M,86.0
106,106,32.0,No,rarely,,,31,4,,2016.0,3,F,48.0
107,107,29.0,No,rarely,1389.0,,21,4,Life Sciences,20.0,2,F,51.0
108,108,46.0,No,,638.0,,1,3,Medical,unknown,3,M,40.0
109,109,30.0,No,,1240.0, Human Resources ,9,3,,184.0,3,M,48.0
110,110,45.0,No,,194.0,,9,3,Life Sciences,206.0,2,M,60.0
111,111,30.0,No,rarely,1339.0,,5,3,,228.0,2,F,41.0
112,112,30.0,No,,111.0,,9,3,,239.0,3,M,66.0
113,113,34.0,No,frequently,,,29,1,,256.0,4,M,45.0
114,114,51.0,No,rarely,1469.0,,8,4,Life Sciences,unknown,2,M,81.0
115,115,34.0,No,,470.0,,39,4,Life Sciences,339.0,3,M,84.0
116,116,35.0,No,rarely,1232.0,,16,3,,406.0,3,M,96.0
117,117,45.0,No,frequently,1249.0,,7,3,Life Sciences,unknown,1,M,97.0
118,118,39.0,No,,117.0,,10,1,,429.0,3,M,99.0
119,119,31.0,No,,798.0,,7,2,,unknown,3,F,48.0
120,120,39.0,No,,672.0, Research & Development ,7,2,,444.0,3,M,54.0
121,121,45.0,No,rarely,549.0,,8,4,,452.0,4,M,75.0
122,122,30.0,No,rarely,570.0, Sales ,5,3,Marketing,456.0,4,F,30.0
123,123,31.0,No,,1232.0,,7,4,Medical,unknown,3,F,39.0
124,124,36.0,No,,541.0,,3,4,Medical,481.0,1,M,48.0
125,125,36.0,No,rarely,164.0,,2,2,,513.0,2,M,61.0
126,126,55.0,No,rarely,1117.0,,18,5,,597.0,1,F,83.0
127,127,35.0,No,,619.0,,1,3,,600.0,2,M,85.0
128,128,42.0,No,rarely,319.0,,24,3,Medical,unknown,4,M,56.0
129,129,52.0,No,rarely,956.0,,6,2,,630.0,4,M,78.0
130,130,49.0,No,,1245.0,,18,4,Life Sciences,638.0,4,M,58.0
131,131,34.0,No,rarely,1397.0, Research & Development ,1,5,,683.0,2,M,42.0
132,132,33.0,Yes,rarely,527.0,,1,4,Other,780.0,4,M,63.0
133,133,33.0,No,,213.0, Research & Development ,7,3,Medical,817.0,3,M,49.0
134,134,53.0,No,rarely,,,23,4,,901.0,4,F,72.0
135,135,49.0,No,rarely,527.0,,8,2,Other,944.0,1,F,51.0
136,136,35.0,No,,882.0,,21,4,,984.0,2,M,
137,137,38.0,No,rarely,330.0,,17,1,Life Sciences,1088.0,3,F,65.0
138,138,46.0,No,,406.0, Sales ,3,1,Marketing,1124.0,1,M,
139,139,36.0,No,non-travel,217.0,,18,4,,unknown,1,M,78.0
140,140,42.0,Yes,frequently,481.0,,15,3,Life Sciences,1167.0,1,M,44.0
141,141,34.0,No,frequently,669.0,,1,3,,1184.0,4,M,97.0
142,142,30.0,No,rarely,1465.0, Research & Development ,1,3,Medical,unknown,4,M,63.0
143,143,54.0,No,rarely,685.0,,3,3,Life Sciences,unknown,4,M,85.0
144,144,31.0,No,rarely,1062.0,,24,3,Medical,1252.0,3,F,96.0
145,145,44.0,No,,1099.0,,5,3,,1267.0,2,M,88.0
146,146,55.0,No,non-travel,177.0,,8,1,,1278.0,4,M,37.0
147,147,44.0,No,rarely,1199.0,,4,2,Life Sciences,1288.0,3,M,92.0
148,148,34.0,No,frequently,648.0, Human Resources ,11,3,Life Sciences,unknown,3,M,56.0
149,149,39.0,No,,412.0,,13,4,,1307.0,3,F,94.0
150,150,55.0,No,rarely,282.0,,2,2,Medical,1336.0,4,F,58.0
151,151,51.0,No,,770.0,,5,3,Life Sciences,1352.0,3,M,84.0
152,152,58.0,Yes,,601.0,,14,4,Medical,1360.0,1,F,53.0
153,153,48.0,No,,855.0,,4,3,Life Sciences,unknown,4,M,54.0
154,154,29.0,No,rarely,332.0, Human Resources ,17,3,,1419.0,2,M,51.0
155,155,34.0,No,,1326.0,,3,3,Other,1478.0,4,M,81.0
156,156,42.0,No,frequently,748.0,,9,2,,1480.0,1,F,74.0
157,157,57.0,No,rarely,405.0,,1,2,Life Sciences,unknown,2,M,93.0
158,158,34.0,Yes,rarely,790.0,,24,4,,1489.0,1,F,40.0
159,159,54.0,No,frequently,1050.0,,11,4,Medical,1520.0,2,F,87.0
160,160,34.0,No,rarely,971.0,,1,3,,1535.0,4,M,64.0
161,161,29.0,No,,1370.0,,3,1,Medical,1586.0,2,M,87.0
162,162,35.0,No,rarely,750.0,,28,3,Life Sciences,1596.0,2,M,46.0
163,163,35.0,Yes,,880.0,,12,4,Other,1667.0,4,M,36.0
164,164,34.0,No,rarely,678.0,,19,3,Life Sciences,1701.0,2,F,35.0
165,165,43.0,No,,1179.0,,2,3,,1706.0,4,M,73.0
166,166,58.0,No,non-travel,350.0,,2,3,Medical,unknown,2,M,52.0
167,167,36.0,No,rarely,1266.0, Sales ,14,4,,unknown,1,F,63.0
168,168,43.0,No,rarely,574.0,,11,3,Life Sciences,1971.0,1,M,30.0
169,169,55.0,No,,189.0,,26,4,Human Resources,unknown,3,M,71.0
170,170,42.0,No,,, Research & Development ,23,2,,1976.0,4,M,37.0
171,171,40.0,No,,692.0,,11,3,Technical Degree,1985.0,4,F,73.0
172,172,56.0,Yes,,310.0, Research & Development ,7,2,Technical Degree,2032.0,4,M,72.0
173,173,39.0,No,rarely,722.0,,33,1,Marketing,2056.0,3,F,60.0
174,174,53.0,No,rarely,1219.0,,2,4,Life Sciences,unknown,1,F,78.0
175,175,27.0,No,frequently,994.0,,8,3,,unknown,4,M,37.0
176,176,30.0,No,frequently,721.0,,1,2,,57.0,3,F,58.0
177,177,35.0,No,,853.0,,18,5,Life Sciences,unknown,2,M,71.0
178,178,32.0,No,rarely,427.0, Research & Development ,1,3,Medical,78.0,1,M,
179,179,30.0,No,rarely,852.0,,1,1,Life Sciences,104.0,4,M,55.0
180,180,46.0,Yes,,669.0, Sales ,9,2,Medical,118.0,3,M,64.0
181,181,30.0,No,rarely,1334.0,,4,2,,121.0,3,F,63.0
182,182,32.0,No,,1093.0,,6,4,,125.0,2,M,87.0
183,183,35.0,No,rarely,,,37,5,Marketing,unknown,3,M,94.0
184,184,32.0,No,,967.0,,8,3,Marketing,207.0,2,F,43.0
185,185,41.0,No,rarely,465.0, Research & Development ,34,3,Life Sciences,227.0,1,M,56.0
186,186,40.0,No,rarely,989.0,,4,1,Medical,253.0,4,F,46.0
187,187,45.0,No,,1195.0,,2,2,,264.0,1,M,65.0
188,188,32.0,Yes,rarely,1045.0,,4,4,,291.0,4,M,32.0
189,189,30.0,No,non-travel,829.0, Research & Development ,1,1,Life Sciences,292.0,3,M,88.0
190,190,37.0,No,,663.0,,11,3,,306.0,2,M,47.0
191,191,37.0,No,,319.0,,4,4,,unknown,1,M,41.0
192,192,40.0,No,,1300.0,,24,2,Technical Degree,335.0,1,M,62.0
193,193,36.0,No,non-travel,1105.0,,24,4,,unknown,2,F,47.0
194,194,32.0,No,rarely,906.0,,7,3,Life Sciences,420.0,4,M,91.0
195,195,38.0,No,,849.0,,25,2,Life Sciences,421.0,1,F,81.0
196,196,30.0,No,rarely,1275.0,,28,2,,441.0,4,F,64.0
197,197,39.0,No,,1218.0,,1,1,,531.0,2,M,52.0
198,198,60.0,No,,422.0,,7,3,Life Sciences,549.0,1,F,41.0
199,199,30.0,No,,1398.0,,22,4,Other,567.0,3,F,69.0
200,200,31.0,No,rarely,1274.0, Research & Development ,9,1,,581.0,3,M,
201,201,33.0,Yes,,1076.0,,3,3,Life Sciences,702.0,1,M,70.0
202,202,50.0,No,,1207.0,,28,1,Medical,716.0,4,M,74.0
203,203,32.0,No,,430.0, Research & Development ,24,4,Life Sciences,772.0,1,M,80.0
204,204,42.0,No,,933.0,,29,3,,836.0,2,M,98.0
205,205,49.0,Yes,,1184.0, Sales ,11,3,Marketing,840.0,3,F,43.0
206,206,27.0,No,,,,5,1,,844.0,3,M,42.0
207,207,33.0,No,rarely,586.0,,1,3,Medical,unknown,1,M,48.0
208,208,52.0,No,,890.0, Research & Development ,26,4,,867.0,3,F,81.0
209,209,32.0,No,,379.0,,5,2,Life Sciences,889.0,2,M,48.0
210,210,36.0,No,,1425.0,,14,1,Life Sciences,924.0,3,M,68.0
211,211,31.0,No,non-travel,1188.0, Sales ,20,2,,unknown,4,F,45.0
212,212,36.0,No,rarely,938.0,,2,4,Medical,unknown,3,M,79.0
213,213,52.0,No,,1053.0,,1,2,Life Sciences,976.0,4,M,70.0
214,214,33.0,No,non-travel,722.0,,17,3,,992.0,4,M,38.0
215,215,45.0,No,non-travel,248.0,,23,2,Life Sciences,1002.0,4,M,42.0
216,216,36.0,No,rarely,796.0, Research & Development ,12,5,,1073.0,4,F,51.0
217,217,49.0,No,,174.0,,8,4,,1138.0,4,M,56.0
218,218,29.0,Yes,,408.0,,23,1,,unknown,4,F,45.0
219,219,29.0,No,,,,6,1,,1192.0,2,F,54.0
220,220,37.0,No,,977.0, Research & Development ,1,3,Life Sciences,1196.0,4,F,56.0
221,221,33.0,No,rarely,536.0,,10,5,,unknown,4,M,82.0
222,222,34.0,No,frequently,135.0,,19,3,Medical,unknown,3,F,46.0
223,223,28.0,No,non-travel,1476.0,,1,3,,1315.0,3,F,55.0
224,224,31.0,No,non-travel,587.0,,2,4,,1324.0,4,F,57.0
225,225,42.0,No,non-travel,495.0,,2,1,Life Sciences,1334.0,3,M,
226,226,40.0,No,rarely,523.0,,2,3,Life Sciences,1346.0,3,M,98.0
227,227,34.0,No,,507.0,,15,2,Medical,1356.0,3,F,66.0
228,228,58.0,No,rarely,1055.0,,1,3,,1423.0,4,F,76.0
229,229,31.0,Yes,frequently,1445.0,,1,5,,1459.0,3,F,100.0
230,230,40.0,No,non-travel,218.0,,8,1,,unknown,4,M,55.0
231,231,53.0,No,,447.0,,2,3,Medical,1472.0,4,M,39.0
232,232,34.0,No,,829.0, Research & Development ,15,3,,1485.0,2,M,71.0
233,233,35.0,No,rarely,1029.0,,16,3,Life Sciences,unknown,4,F,91.0
234,234,37.0,No,,674.0,,13,3,,1543.0,1,M,47.0
235,235,42.0,No,frequently,,,2,3,,1547.0,4,M,40.0
236,236,45.0,No,,538.0,,1,4,,1553.0,1,M,66.0
237,237,30.0,Yes,rarely,740.0,,1,3,,1562.0,2,M,64.0
238,238,38.0,No,rarely,1245.0,,14,3,Life Sciences,1582.0,3,M,80.0
239,239,50.0,No,,1234.0,,20,5,Medical,1606.0,2,M,41.0
240,240,39.0,No,rarely,170.0,,3,2,,unknown,3,M,76.0
241,241,34.0,No,rarely,1130.0,,3,3,,1658.0,4,F,66.0
242,242,54.0,No,rarely,584.0, Research & Development ,22,5,,1665.0,2,F,91.0
243,243,41.0,No,rarely,918.0,,6,3,Marketing,unknown,4,M,35.0
244,244,39.0,No,,792.0,,1,3,Life Sciences,1737.0,4,M,77.0
245,245,40.0,No,rarely,611.0,,7,4,,unknown,2,M,88.0
246,246,33.0,No,,,,4,3,Technical Degree,unknown,4,M,90.0
247,247,36.0,No,,1383.0,,10,3,Life Sciences,1790.0,4,M,90.0
248,248,33.0,No,,867.0,,8,4,Life Sciences,unknown,4,M,90.0
249,249,34.0,No,rarely,,,8,2,,1823.0,2,M,92.0
250,250,29.0,No,frequently,574.0, Research & Development ,46,1,Medical,unknown,4,M,40.0
251,251,46.0,No,rarely,706.0,,2,2,Life Sciences,1857.0,4,M,82.0
252,252,27.0,No,rarely,728.0,,23,1,Medical,1864.0,2,F,36.0
253,253,31.0,No,,311.0,,36,3,Life Sciences,1881.0,2,M,89.0
254,254,45.0,No,rarely,556.0, Research & Development ,25,2,Life Sciences,1888.0,2,F,93.0
255,255,34.0,No,rarely,937.0,,1,3,Marketing,1950.0,1,M,32.0
256,256,31.0,No,,1125.0, Research & Development ,1,3,Life Sciences,unknown,4,M,48.0
257,257,35.0,No,,1224.0,,7,4,,1962.0,3,F,55.0
258,258,39.0,No,rarely,119.0,,15,4,Marketing,1975.0,2,M,77.0
259,259,40.0,No,rarely,444.0,,2,2,Marketing,1986.0,2,F,92.0
260,260,30.0,No,rarely,911.0,,1,2,Medical,unknown,4,M,76.0
261,261,47.0,No,,, Research & Development ,1,1,,2000.0,3,F,98.0
262,262,52.0,No,non-travel,585.0,,29,4,,unknown,1,M,
263,263,49.0,No,frequently,,,8,1,,2.0,3,M,61.0
264,264,33.0,No,frequently,1392.0,,19,4,Life Sciences,5.0,1,F,56.0
265,265,32.0,No,,1005.0,,2,2,Life Sciences,unknown,4,M,79.0
266,266,38.0,No,frequently,, Research & Development ,23,3,,unknown,4,M,44.0
267,267,36.0,No,rarely,1299.0, Research & Development ,27,3,Medical,unknown,3,M,94.0
268,268,42.0,No,,,,8,4,,35.0,3,M,48.0
269,269,31.0,No,,655.0, Research & Development ,7,4,Life Sciences,76.0,4,M,48.0
270,270,31.0,No,rarely,746.0,,8,4,,98.0,3,F,61.0
271,271,51.0,No,,632.0,,21,4,Marketing,120.0,3,M,71.0
272,272,34.0,Yes,frequently,658.0,,7,3,,147.0,1,M,66.0
273,273,36.0,No,,1467.0,,11,2,Technical Degree,154.0,2,F,92.0
274,274,30.0,No,frequently,1312.0,,23,3,,159.0,1,M,96.0
275,275,33.0,No,non-travel,750.0,,12,2,,160.0,1,M,95.0
276,276,31.0,Yes,,249.0,,6,4,Life Sciences,163.0,2,M,76.0
277,277,41.0,No,rarely,802.0,,23,1,,176.0,3,M,96.0
278,278,26.0,No,rarely,1355.0,,25,1,,177.0,3,F,61.0
279,279,32.0,No,,689.0,,9,2,,195.0,4,M,35.0
280,280,40.0,No,frequently,1395.0,,26,3,,202.0,2,F,54.0
281,281,53.0,No,rarely,1436.0, Sales ,6,2,Marketing,205.0,2,M,34.0
282,282,29.0,No,non-travel,1496.0, Research & Development ,1,1,Technical Degree,unknown,4,M,41.0
283,283,36.0,No,frequently,1480.0, Research & Development ,3,2,,unknown,4,M,30.0
284,284,33.0,No,rarely,, Research & Development ,14,3,,252.0,4,F,
285,285,51.0,No,rarely,313.0,,3,3,,258.0,4,F,98.0
286,286,27.0,No,rarely,894.0,,9,3,Medical,260.0,4,F,99.0
287,287,37.0,No,,290.0,,21,3,Life Sciences,267.0,2,M,65.0
288,288,38.0,No,,1084.0,,29,3,,unknown,4,M,54.0
289,289,49.0,No,non-travel,1002.0,,18,4,,275.0,4,M,92.0
290,290,27.0,No,,1242.0,,20,3,Life Sciences,293.0,4,F,90.0
291,291,45.0,No,,1052.0, Sales ,6,3,Medical,302.0,4,F,57.0
292,292,35.0,No,,944.0,,1,3,,314.0,3,F,92.0
293,293,33.0,Yes,rarely,465.0,,2,2,,unknown,1,F,39.0
294,294,52.0,No,,771.0,,2,4,Life Sciences,329.0,1,M,79.0
295,295,40.0,No,,1416.0, Research & Development ,2,2,Medical,unknown,1,M,49.0
296,296,38.0,No,non-travel,1327.0, Sales ,2,2,Life Sciences,361.0,4,M,39.0
297,297,46.0,No,,488.0,,27,3,,363.0,2,F,75.0
298,298,45.0,No,rarely,1385.0,,20,2,Medical,unknown,3,M,79.0
299,299,47.0,Yes,non-travel,666.0,,10,4,Life Sciences,376.0,1,M,88.0
300,300,35.0,No,,1315.0,,22,3,Life Sciences,381.0,2,F,71.0
301,301,29.0,No,frequently,442.0,,2,2,,388.0,2,M,44.0
302,302,55.0,No,rarely,147.0, Research & Development ,20,2,Technical Degree,389.0,2,M,37.0
303,303,26.0,Yes,rarely,950.0,,45,4,,401.0,4,M,48.0
304,304,31.0,No,rarely,218.0,,7,3,Technical Degree,416.0,2,M,100.0
305,305,43.0,No,frequently,,,10,4,Life Sciences,430.0,3,F,33.0
306,306,31.0,No,rarely,691.0,,13,3,Marketing,438.0,4,M,73.0
307,307,32.0,No,,1018.0,,2,4,Medical,unknown,1,F,74.0
308,308,33.0,No,,,,10,3,,446.0,2,M,46.0
309,309,43.0,No,frequently,559.0, Research & Development ,10,4,Life Sciences,448.0,3,F,82.0
310,310,29.0,Yes,rarely,318.0,,8,4,,454.0,2,M,77.0
311,311,27.0,No,,1130.0, Sales ,8,4,,458.0,2,F,56.0
312,312,29.0,No,rarely,144.0,,10,1,,unknown,4,F,39.0
313,313,37.0,No,,1319.0,,6,3,Medical,unknown,3,M,51.0
314,314,26.0,No,rarely,933.0,,1,3,,476.0,3,M,57.0
315,315,40.0,No,rarely,1171.0,,10,4,Life Sciences,483.0,4,F,46.0
316,316,41.0,Yes,,143.0,,4,3,,488.0,1,M,56.0
317,317,51.0,No,rarely,1178.0,,14,2,,500.0,3,F,87.0
318,318,37.0,No,,1107.0,,14,3,,unknown,4,F,95.0
319,319,56.0,No,,906.0,,6,3,Life Sciences,unknown,3,F,86.0
320,320,41.0,No,rarely,645.0, Sales ,1,3,Marketing,534.0,2,M,49.0
321,321,46.0,No,,1485.0,,18,3,Medical,unknown,3,F,87.0
322,322,30.0,No,non-travel,1116.0,,2,3,,unknown,3,F,49.0
323,323,35.0,No,rarely,1276.0,,16,3,Life Sciences,586.0,4,M,72.0
324,324,48.0,No,rarely,163.0,,2,5,,595.0,2,F,37.0
325,325,45.0,No,rarely,561.0,,2,3,Other,unknown,4,M,61.0
326,326,26.0,Yes,frequently,426.0,,17,4,Life Sciences,608.0,2,F,58.0
327,327,41.0,No,,509.0,,2,4,Other,616.0,1,F,62.0
328,328,34.0,No,,258.0,,21,4,,621.0,4,M,74.0
329,329,31.0,No,rarely,525.0,,6,4,Medical,653.0,1,M,66.0
330,330,43.0,No,frequently,,,9,5,,663.0,4,M,72.0
331,331,53.0,No,,238.0, Sales ,1,1,,682.0,4,F,34.0
332,332,37.0,No,rarely,482.0,,3,3,Other,unknown,3,M,36.0
333,333,54.0,No,,397.0,,19,4,,unknown,3,M,88.0
334,334,38.0,No,rarely,243.0, Sales ,7,4,Marketing,unknown,4,F,46.0
335,335,29.0,No,,806.0, Research & Development ,1,4,Life Sciences,710.0,2,M,76.0
336,336,34.0,No,,1442.0,,9,3,Medical,717.0,4,F,46.0
337,337,39.0,No,,408.0,,2,4,Technical Degree,721.0,4,F,80.0
338,338,32.0,No,,929.0,,10,3,Marketing,722.0,4,M,55.0
339,339,38.0,No,rarely,827.0,,1,4,Life Sciences,724.0,2,F,33.0
340,340,27.0,No,rarely,,,1,2,Life Sciences,725.0,3,F,
341,341,32.0,No,rarely,1018.0,,3,2,Life Sciences,unknown,3,F,39.0
342,342,47.0,No,,703.0,,35,4,Marketing,728.0,4,M,42.0
343,343,27.0,No,frequently,294.0,,10,2,,733.0,4,M,32.0
344,344,41.0,No,,314.0,,1,3,,734.0,4,M,59.0
345,345,28.0,Yes,,654.0, Research & Development ,35,2,,unknown,3,F,67.0
346,346,36.0,No,,427.0, Research & Development ,8,3,,742.0,1,F,63.0
347,347,30.0,No,,501.0,,27,5,Marketing,747.0,3,M,99.0
348,348,56.0,No,rarely,,,9,3,,762.0,3,M,81.0
349,349,45.0,No,rarely,954.0,,2,2,,783.0,2,M,46.0
350,350,36.0,No,non-travel,1434.0,,8,4,,789.0,1,M,76.0
351,351,29.0,No,,657.0,,27,3,Medical,793.0,2,F,66.0
352,352,38.0,No,,240.0,,2,4,Life Sciences,803.0,1,F,75.0
353,353,40.0,No,,791.0,,13,2,Medical,unknown,1,F,38.0
354,354,42.0,No,frequently,570.0,,8,3,,809.0,2,M,66.0
355,355,36.0,No,rarely,676.0,,1,3,Other,823.0,3,F,35.0
356,356,29.0,No,rarely,,,23,2,,unknown,3,M,81.0
357,357,55.0,Yes,,436.0,,2,1,Medical,842.0,3,M,37.0
358,358,28.0,No,,760.0, Sales ,2,4,,unknown,2,F,81.0
359,359,26.0,Yes,,,,5,2,Medical,unknown,3,F,88.0
360,360,44.0,No,,661.0,,9,2,,913.0,2,M,61.0
361,361,41.0,Yes,,1085.0, Research & Development ,2,4,Life Sciences,927.0,2,F,57.0
362,362,31.0,No,rarely,154.0,,7,4,,941.0,2,M,41.0
363,363,26.0,No,frequently,1283.0, Sales ,28,3,Medical,956.0,2,M,52.0
364,364,31.0,No,,616.0,,12,3,Medical,unknown,4,F,41.0
365,365,32.0,No,,498.0,,3,4,Medical,966.0,3,F,93.0
366,366,36.0,Yes,rarely,530.0,,3,1,Life Sciences,967.0,3,M,51.0
367,367,45.0,No,non-travel,805.0,,47,2,,972.0,4,M,57.0
368,368,39.0,No,rarely,903.0,,2,5,,unknown,1,M,41.0
369,369,36.0,No,non-travel,1229.0,,8,4,Technical Degree,990.0,1,M,84.0
370,370,46.0,No,,566.0,,7,2,Medical,unknown,4,M,
371,371,54.0,No,rarely,1441.0,,17,3,Technical Degree,1013.0,3,F,56.0
372,372,30.0,No,rarely,153.0,,8,2,,1015.0,2,F,73.0
373,373,26.0,No,,1066.0,,2,2,Medical,1018.0,4,M,32.0
374,374,55.0,No,frequently,135.0,,18,4,Medical,1034.0,3,M,62.0
375,375,50.0,No,non-travel,145.0, Sales ,1,3,Life Sciences,unknown,4,F,95.0
376,376,32.0,No,non-travel,1109.0,,29,4,,1046.0,4,F,69.0
377,377,53.0,No,frequently,124.0,,2,3,Marketing,1050.0,3,F,38.0
378,378,40.0,No,rarely,300.0,,26,3,,unknown,3,M,74.0
379,379,55.0,No,,444.0,,2,1,,1074.0,3,M,40.0
380,380,28.0,Yes,non-travel,1366.0,,24,2,,1082.0,2,M,72.0
381,381,28.0,No,rarely,857.0,,10,3,Other,1097.0,3,F,59.0
382,382,35.0,Yes,,1204.0,,4,3,Technical Degree,1100.0,4,M,86.0
383,383,33.0,Yes,frequently,827.0, Research & Development ,36,4,Medical,1101.0,3,F,54.0
384,384,25.0,Yes,,1219.0, Research & Development ,4,1,Technical Degree,1106.0,4,M,32.0
385,385,38.0,No,,770.0, Sales ,10,4,,1119.0,3,M,
386,386,28.0,No,,950.0,,12,3,,unknown,1,F,93.0
387,387,43.0,No,frequently,1082.0,,27,3,Life Sciences,1126.0,3,F,83.0
388,388,39.0,Yes,frequently,203.0, Research & Development ,2,3,Life Sciences,unknown,1,M,84.0
389,389,40.0,No,rarely,1308.0,,14,3,,1128.0,3,M,44.0
390,390,29.0,No,rarely,718.0,,8,1,Medical,unknown,2,M,79.0
391,391,40.0,No,,593.0,,32,4,,unknown,2,F,88.0
392,392,26.0,No,rarely,1384.0,,3,4,,1177.0,1,M,82.0
393,393,35.0,No,rarely,819.0,,2,3,,1182.0,3,M,44.0
394,394,53.0,No,,1223.0, Research & Development ,7,2,Medical,1201.0,4,F,50.0
395,395,35.0,No,,1361.0,,17,4,Life Sciences,1218.0,3,M,94.0
396,396,33.0,No,,1146.0,,25,3,Medical,1220.0,2,F,
397,397,36.0,No,,, Research & Development ,6,4,Life Sciences,unknown,3,M,60.0
398,398,30.0,No,rarely,853.0,,7,4,Life Sciences,1224.0,3,M,49.0
399,399,60.0,No,,,,29,4,,unknown,2,M,52.0
400,400,32.0,No,,1316.0,,2,2,Life Sciences,1235.0,4,F,38.0
401,401,36.0,No,,363.0,,1,3,Technical Degree,1237.0,3,F,
402,402,27.0,No,rarely,1103.0,,14,3,,unknown,1,M,42.0
403,403,43.0,No,,920.0, Research & Development ,3,3,Life Sciences,1255.0,3,M,96.0
404,404,29.0,No,rarely,694.0,,1,3,,1264.0,4,F,
405,405,59.0,No,,1429.0,,24,4,,1283.0,2,M,67.0
406,406,43.0,No,rarely,531.0,,4,4,Marketing,1293.0,4,F,56.0
407,407,44.0,Yes,rarely,621.0,,15,3,Medical,1295.0,1,F,73.0
408,408,29.0,Yes,,806.0, Research & Development ,7,3,Technical Degree,unknown,2,F,39.0
409,409,32.0,No,rarely,604.0,,8,3,,unknown,3,M,56.0
410,410,36.0,No,rarely,325.0,,10,4,Technical Degree,unknown,4,F,63.0
411,411,52.0,Yes,,1030.0, Sales ,5,3,,unknown,2,M,64.0
412,412,39.0,No,rarely,524.0,,33,2,,1322.0,1,M,32.0
413,413,34.0,No,,943.0,,9,3,,1344.0,4,M,86.0
414,414,38.0,No,,1009.0,,2,2,Life Sciences,1355.0,2,F,31.0
415,415,36.0,No,frequently,607.0, Sales ,12,3,Marketing,1362.0,1,F,83.0
416,416,35.0,No,,817.0,,1,3,,1369.0,4,F,60.0
417,417,55.0,Yes,,,,13,4,,unknown,1,M,85.0
418,418,34.0,No,,,,29,3,,1377.0,2,M,86.0
419,419,43.0,No,,930.0,,6,3,Medical,1402.0,1,F,73.0
420,420,42.0,No,rarely,1147.0,,10,3,Human Resources,1408.0,3,F,31.0
421,421,26.0,No,rarely,652.0,,7,3,,1417.0,3,M,100.0
422,422,29.0,Yes,,337.0,,14,1,Other,1421.0,3,F,84.0
423,423,54.0,No,,971.0, Research & Development ,1,3,,1422.0,4,F,54.0
424,424,55.0,No,,1136.0,,1,4,,1424.0,2,M,81.0
425,425,40.0,No,non-travel,663.0,,9,4,Other,unknown,3,M,81.0
426,426,31.0,No,,326.0,,8,2,,unknown,1,M,31.0
427,427,46.0,Yes,,377.0,,9,3,Marketing,1457.0,1,M,52.0
428,428,45.0,No,rarely,1038.0,,20,3,Medical,1460.0,2,M,95.0
429,429,49.0,No,rarely,1490.0,,7,4,Life Sciences,1484.0,3,M,35.0
430,430,29.0,No,rarely,1246.0,,19,3,,1497.0,3,M,77.0
431,431,29.0,Yes,,224.0,,1,4,Technical Degree,1522.0,1,M,100.0
432,432,29.0,No,,441.0,,8,1,Other,1544.0,3,F,39.0
433,433,40.0,No,rarely,898.0, Human Resources ,6,2,,unknown,3,M,38.0
434,434,48.0,No,,, Sales ,16,4,Life Sciences,unknown,3,F,96.0
435,435,53.0,Yes,,607.0,,2,5,,1572.0,3,F,78.0
436,436,44.0,No,,1313.0,,7,3,Medical,1608.0,2,F,31.0
437,437,45.0,No,,1015.0,,5,5,,1611.0,3,F,50.0
438,438,45.0,No,non-travel,,,26,3,Marketing,1612.0,1,M,52.0
439,439,34.0,No,frequently,426.0,,10,4,,1615.0,3,M,42.0
440,440,39.0,No,,1387.0, Research & Development ,10,5,Medical,unknown,2,M,76.0
441,441,27.0,No,,1302.0, Research & Development ,36,3,,1619.0,3,M,
442,442,45.0,No,rarely,1329.0,,2,2,,1635.0,4,F,59.0
443,443,44.0,No,,602.0,,1,5,,1642.0,1,M,37.0
444,444,25.0,No,,772.0,,2,1,Life Sciences,1653.0,4,M,77.0
445,445,49.0,No,,809.0,,1,3,,unknown,3,M,36.0
446,446,48.0,Yes,frequently,,,7,2,,1691.0,4,F,95.0
447,447,26.0,No,,786.0,,7,3,Medical,1693.0,4,M,76.0
448,448,44.0,No,rarely,921.0,,2,3,Life Sciences,1703.0,3,F,96.0
449,449,36.0,No,,530.0,,2,4,,unknown,3,F,51.0
450,450,46.0,No,,717.0, Research & Development ,13,4,,1727.0,3,M,34.0
451,451,35.0,No,,1370.0,,27,4,Life Sciences,1728.0,4,M,49.0
452,452,30.0,No,frequently,1312.0,,2,4,,1745.0,4,F,78.0
453,453,30.0,No,,979.0,,15,2,Marketing,1754.0,3,M,94.0
454,454,33.0,No,non-travel,1283.0,,2,3,Marketing,1756.0,4,F,62.0
455,455,32.0,No,,953.0,,5,4,,1764.0,2,M,65.0
456,456,43.0,No,rarely,244.0,,2,3,Life Sciences,1778.0,2,M,97.0
457,457,31.0,No,rarely,196.0,,29,4,Marketing,unknown,1,F,91.0
458,458,35.0,Yes,,303.0,,27,3,,1797.0,3,M,84.0
459,459,35.0,No,non-travel,1180.0, Research & Development ,2,2,Medical,1804.0,2,M,90.0
460,460,30.0,No,,1092.0,,10,3,Medical,1816.0,1,F,64.0
461,461,46.0,Yes,rarely,261.0,,19,2,Medical,1821.0,4,F,66.0
462,462,45.0,No,non-travel,589.0,,2,4,,unknown,3,F,67.0
463,463,43.0,No,frequently,1422.0,,2,4,Life Sciences,1849.0,1,M,92.0
464,464,46.0,Yes,,,,10,3,Life Sciences,1869.0,3,F,64.0
465,465,40.0,No,rarely,1137.0, Research & Development ,1,4,,unknown,1,M,98.0
466,466,27.0,No,rarely,511.0, Sales ,2,2,,1898.0,1,F,89.0
467,467,42.0,No,,1396.0,,6,3,Medical,1911.0,3,M,83.0
468,468,26.0,No,frequently,1096.0,,6,3,Other,unknown,3,M,61.0
469,469,28.0,No,frequently,,,1,2,Life Sciences,1927.0,3,M,42.0
470,470,47.0,No,,1169.0,,14,4,,1934.0,3,M,64.0
471,471,34.0,No,rarely,1239.0,,13,4,Medical,1951.0,4,M,39.0
472,472,26.0,No,,157.0, Research & Development ,1,3,Medical,1952.0,3,M,95.0
473,473,27.0,No,rarely,954.0,,9,3,,1965.0,4,M,44.0
474,474,31.0,Yes,frequently,754.0, Sales ,26,4,Marketing,1967.0,1,M,63.0
475,475,33.0,No,frequently,1303.0,,7,2,Life Sciences,unknown,4,M,
476,476,31.0,No,,697.0,,10,3,,1979.0,3,F,40.0
477,477,35.0,No,,1395.0,,9,4,Medical,2008.0,2,M,48.0
478,478,33.0,No,rarely,501.0,,15,2,,2009.0,2,F,95.0
479,479,39.0,No,rarely,116.0,,24,1,Life Sciences,2014.0,1,M,52.0
480,480,36.0,No,rarely,557.0,,46,3,,unknown,4,F,94.0
481,481,41.0,No,rarely,582.0,,28,4,Life Sciences,2034.0,1,F,60.0
482,482,34.0,No,,704.0, Sales ,28,3,Marketing,2035.0,4,F,95.0
483,483,38.0,No,rarely,,,10,2,,unknown,1,F,100.0
484,484,39.0,No,rarely,613.0,,6,1,,2062.0,4,M,42.0
485,485,34.0,No,rarely,419.0,,7,4,,28.0,1,F,53.0
486,486,44.0,No,rarely,477.0,,7,4,Medical,unknown,1,F,42.0
487,487,46.0,No,,1211.0,,5,4,,62.0,1,M,98.0
488,488,41.0,No,frequently,857.0, Research & Development ,10,3,Life Sciences,199.0,4,M,91.0
489,489,39.0,No,,505.0, Research & Development ,2,4,,343.0,3,F,64.0
490,490,42.0,No,rarely,269.0,,2,3,Medical,351.0,4,F,56.0
491,491,33.0,No,frequently,553.0, Research & Development ,5,4,,428.0,4,F,74.0
492,492,35.0,No,rarely,1296.0,,5,4,Technical Degree,464.0,3,M,62.0
493,493,33.0,Yes,rarely,1277.0,,15,1,Medical,unknown,2,M,56.0
494,494,40.0,No,rarely,302.0,,6,3,Life Sciences,unknown,2,F,75.0
495,495,41.0,No,rarely,427.0,,10,4,Human Resources,731.0,2,M,73.0
496,496,27.0,No,,975.0,,7,3,,764.0,4,F,55.0
497,497,52.0,No,rarely,621.0,,3,4,Marketing,unknown,3,M,31.0
498,498,51.0,No,rarely,1318.0,,26,4,Marketing,851.0,1,F,66.0
499,499,47.0,No,rarely,249.0,,2,2,Marketing,903.0,3,F,35.0
500,500,50.0,No,non-travel,881.0, Research & Development ,2,4,,905.0,1,M,98.0
501,501,35.0,No,rarely,1137.0, Research & Development ,21,1,Life Sciences,942.0,4,F,51.0
502,502,39.0,No,rarely,466.0,,1,1,,1026.0,4,F,65.0
503,503,39.0,No,frequently,945.0,,22,3,Medical,unknown,4,F,82.0
504,504,41.0,No,,509.0,,7,2,,1085.0,2,F,43.0
505,505,44.0,Yes,,1376.0, Human Resources ,1,2,Medical,unknown,2,M,91.0
506,506,42.0,No,,469.0,,2,2,Medical,1109.0,4,M,35.0
507,507,52.0,No,rarely,994.0,,7,4,Life Sciences,1118.0,2,M,87.0
508,508,38.0,No,,433.0,,1,3,,1152.0,3,M,37.0
509,509,46.0,No,,991.0, Human Resources ,1,2,Life Sciences,unknown,4,F,44.0
510,510,35.0,No,,482.0,,4,4,Life Sciences,1350.0,3,M,87.0
511,511,28.0,No,rarely,1083.0, Research & Development ,29,1,Life Sciences,1514.0,3,M,96.0
512,512,44.0,No,,136.0,,28,3,Life Sciences,1523.0,4,M,32.0
513,513,50.0,No,,333.0,,22,5,,1539.0,3,M,88.0
514,514,55.0,No,rarely,685.0,,23,5,Marketing,unknown,3,M,60.0
515,515,39.0,No,,1462.0, Sales ,6,3,,1588.0,4,M,38.0
516,516,49.0,No,,722.0, Research & Development ,13,4,,1617.0,1,F,84.0
517,517,45.0,No,,,,28,2,Technical Degree,1719.0,4,F,48.0
518,518,46.0,No,,1277.0,,2,3,,unknown,3,M,74.0
519,519,27.0,No,,1131.0,,15,3,,1870.0,4,F,77.0
520,520,42.0,No,rarely,300.0,,2,3,,2031.0,1,M,56.0
521,521,49.0,No,,1023.0, Sales ,2,3,,2065.0,4,M,63.0
522,522,29.0,No,rarely,153.0,,15,2,Life Sciences,15.0,4,F,49.0
523,523,34.0,No,non-travel,1065.0,,12,4,Marketing,60.0,1,M,72.0
524,524,37.0,No,,1115.0,,1,4,,unknown,1,M,51.0
525,525,36.0,No,,1195.0,,11,3,,85.0,2,M,95.0
526,526,45.0,No,,1316.0,,29,3,,unknown,3,M,83.0
527,527,29.0,No,rarely,665.0,,15,3,,346.0,3,M,60.0
528,528,26.0,No,,1479.0,,1,3,,384.0,3,F,84.0
529,529,28.0,No,,304.0,,9,4,Life Sciences,498.0,2,M,92.0
530,530,42.0,No,frequently,1368.0,,30,4,Technical Degree,551.0,4,F,
531,531,31.0,No,rarely,828.0, Sales ,2,1,Life Sciences,604.0,2,M,77.0
532,532,37.0,No,rarely,799.0,,47,3,,unknown,4,F,59.0
533,533,37.0,No,non-travel,142.0,,9,4,,626.0,1,M,69.0
534,534,37.0,No,rarely,446.0,,1,4,Life Sciences,unknown,2,F,65.0
535,535,24.0,No,rarely,691.0,,23,3,Medical,unknown,2,M,89.0
536,536,50.0,No,,1246.0,,3,3,,644.0,1,M,99.0
537,537,34.0,No,,254.0,,1,2,Life Sciences,649.0,2,M,83.0
538,538,27.0,No,frequently,1410.0,,3,1,Medical,714.0,4,F,71.0
539,539,25.0,No,,883.0, Sales ,42,1,,781.0,4,F,32.0
540,540,34.0,No,,304.0, Sales ,25,3,Other,unknown,4,M,60.0
541,541,34.0,No,,121.0, Research & Development ,2,4,,804.0,3,F,86.0
542,542,35.0,No,,950.0,,7,3,Other,unknown,3,M,59.0
543,543,35.0,No,,1343.0,,16,1,Medical,856.0,1,F,53.0
544,544,33.0,No,,827.0, Research & Development ,1,4,,998.0,3,F,84.0
545,545,29.0,No,,1107.0,,28,4,Life Sciences,1120.0,3,F,93.0
546,546,29.0,No,frequently,490.0, Research & Development ,10,3,,1143.0,4,F,61.0
547,547,34.0,No,,1400.0,,9,1,Life Sciences,unknown,2,F,70.0
548,548,28.0,No,rarely,1179.0,,19,4,Medical,unknown,4,M,78.0
549,549,44.0,No,,1117.0,,2,1,Life Sciences,unknown,1,F,72.0
550,550,31.0,No,rarely,1332.0, Research & Development ,11,2,,1251.0,3,M,80.0
551,551,26.0,No,,583.0, Research & Development ,4,2,Life Sciences,unknown,3,M,53.0
552,552,47.0,No,rarely,465.0,,1,3,,1438.0,1,M,74.0
553,553,37.0,No,,1413.0, Research & Development ,5,2,,unknown,3,M,84.0
554,554,32.0,No,,1200.0,,1,4,,1574.0,4,M,
555,555,32.0,No,,977.0,,2,3,Medical,1671.0,4,M,45.0
556,556,33.0,No,non-travel,530.0,,16,3,Life Sciences,unknown,3,F,36.0
557,557,47.0,Yes,,1093.0, Sales ,9,3,,unknown,3,M,82.0
558,558,41.0,Yes,,1102.0,,1,2,,unknown,2,F,94.0
559,559,35.0,No,rarely,809.0, Research & Development ,16,3,Medical,unknown,1,M,84.0
560,560,29.0,No,rarely,1328.0,,2,3,Life Sciences,94.0,3,M,76.0
561,561,32.0,No,rarely,548.0,,1,3,Life Sciences,unknown,2,M,66.0
562,562,35.0,No,rarely,1214.0,,1,3,Medical,unknown,2,M,30.0
563,563,56.0,No,,,,13,3,,112.0,4,M,
564,564,28.0,No,,120.0,,4,3,Medical,129.0,2,M,43.0
565,565,25.0,Yes,rarely,240.0,,5,3,,142.0,3,M,46.0
566,566,56.0,Yes,,441.0,,14,4,Life Sciences,161.0,2,F,72.0
567,567,26.0,No,,841.0, Research & Development ,6,3,,164.0,3,F,46.0
568,568,32.0,Yes,,1033.0,,9,3,Medical,190.0,1,F,41.0
569,569,30.0,No,rarely,,,18,3,Life Sciences,194.0,1,F,75.0
570,570,50.0,No,rarely,1452.0,,11,3,,226.0,3,F,53.0
571,571,32.0,No,,120.0,,6,5,Life Sciences,231.0,3,M,43.0
572,572,45.0,No,rarely,1268.0,,4,2,,240.0,3,F,30.0
573,573,43.0,No,,,,7,3,,262.0,4,M,37.0
574,574,29.0,Yes,,121.0,,27,3,Marketing,283.0,2,F,35.0
575,575,31.0,No,non-travel,, Research & Development ,1,4,Medical,308.0,3,M,90.0
576,576,33.0,Yes,,813.0,,14,3,,325.0,3,M,58.0
577,577,31.0,Yes,,307.0,,29,2,,355.0,3,M,71.0
578,578,37.0,No,,228.0,,6,4,,378.0,3,M,
579,579,50.0,No,,797.0, Research & Development ,4,1,,unknown,1,M,96.0
580,580,42.0,No,frequently,555.0,,26,3,,unknown,3,F,77.0
581,581,27.0,No,,1377.0,,2,3,,unknown,4,M,74.0
582,582,27.0,No,non-travel,210.0,,1,1,Marketing,449.0,3,M,73.0
583,583,41.0,No,rarely,483.0,,6,3,,466.0,4,M,
584,584,37.0,No,rarely,921.0,,10,3,Medical,486.0,3,F,98.0
585,585,40.0,Yes,,575.0,,22,2,,492.0,2,M,68.0
586,586,55.0,No,,1311.0,,2,3,,505.0,3,F,97.0
587,587,26.0,Yes,frequently,575.0,,3,1,,510.0,3,M,73.0
588,588,40.0,No,rarely,759.0,,2,2,Marketing,unknown,4,F,46.0
589,589,25.0,No,,891.0, Sales ,4,2,,527.0,2,F,99.0
590,590,30.0,No,,1082.0,,12,3,,unknown,2,F,83.0
591,591,52.0,No,rarely,319.0,,32,3,,unknown,4,M,
592,592,42.0,No,frequently,532.0,,12,2,,547.0,1,F,92.0
593,593,30.0,No,rarely,317.0,,2,3,Life Sciences,548.0,3,F,43.0
594,594,35.0,No,rarely,144.0,,22,3,Life Sciences,577.0,4,M,46.0
595,595,31.0,No,rarely,688.0,,7,3,,unknown,3,M,44.0
596,596,35.0,No,rarely,195.0, Sales ,1,3,,unknown,1,F,80.0
597,597,25.0,No,,622.0,,13,1,,unknown,2,M,40.0
598,598,32.0,No,rarely,646.0,,9,4,,679.0,1,F,92.0
599,599,47.0,Yes,,719.0,,27,2,Life Sciences,785.0,2,F,77.0
600,600,30.0,No,frequently,1012.0,,5,4,Life Sciences,861.0,2,M,
601,601,45.0,No,,930.0,,9,3,Marketing,864.0,4,M,74.0
602,602,36.0,No,rarely,1278.0,,8,3,Life Sciences,878.0,1,M,77.0
603,603,31.0,No,,1222.0,,11,4,,895.0,4,M,48.0
604,604,37.0,No,frequently,1231.0,,21,2,Medical,900.0,3,F,54.0
605,605,39.0,No,rarely,1383.0,,2,3,Life Sciences,unknown,4,F,42.0
606,606,42.0,No,,462.0,,14,2,,936.0,3,F,68.0
607,607,30.0,No,rarely,231.0,,8,2,,unknown,3,M,62.0
608,608,50.0,No,,,,1,2,Medical,997.0,4,M,66.0
609,609,59.0,No,rarely,1089.0, Sales ,1,2,,1048.0,2,M,66.0
610,610,54.0,No,,1082.0,,2,4,Life Sciences,unknown,3,F,41.0
611,611,56.0,No,,1240.0,,9,3,Medical,1071.0,1,F,63.0
612,612,48.0,No,,1262.0,,1,4,,1116.0,1,M,35.0
613,613,39.0,No,,439.0, Research & Development ,9,3,Life Sciences,1132.0,3,M,70.0
614,614,35.0,No,rarely,528.0,,8,4,Technical Degree,unknown,3,M,100.0
615,615,42.0,No,rarely,647.0, Sales ,4,4,Marketing,1171.0,2,M,45.0
616,616,44.0,Yes,,1097.0,,10,4,,1200.0,3,M,96.0
617,617,29.0,No,rarely,942.0,,15,1,,1202.0,2,F,69.0
618,618,33.0,No,,147.0,,2,3,Human Resources,unknown,2,M,99.0
619,619,54.0,No,frequently,966.0,,1,4,,1245.0,4,F,53.0
620,620,46.0,No,,168.0, Sales ,4,2,,1280.0,4,F,33.0
621,621,30.0,No,non-travel,,,9,2,Medical,unknown,3,F,72.0
622,622,32.0,Yes,rarely,1089.0,,7,2,Life Sciences,1309.0,4,M,79.0
623,623,40.0,Yes,,299.0,,25,4,,unknown,4,M,57.0
624,624,34.0,No,non-travel,999.0,,26,1,,1374.0,1,F,92.0
625,625,39.0,No,rarely,1498.0, Sales ,21,4,,1390.0,1,M,44.0
626,626,37.0,No,,1439.0,,4,1,,unknown,3,M,54.0
627,627,33.0,No,,1111.0, Sales ,41,1,Life Sciences,1395.0,4,M,61.0
628,628,39.0,No,non-travel,1485.0, Research & Development ,25,2,,1397.0,3,M,71.0
629,629,52.0,No,rarely,258.0,,8,4,Other,1409.0,3,F,54.0
630,630,36.0,No,,1174.0,,3,4,,1425.0,1,F,99.0
631,631,36.0,No,,172.0,,47,4,Life Sciences,1435.0,4,M,
632,632,24.0,No,rarely,,,4,1,,1445.0,4,F,42.0
633,633,34.0,No,rarely,401.0,,1,3,Life Sciences,unknown,4,F,86.0
634,634,28.0,No,,866.0, Sales ,5,3,,1469.0,4,M,
635,635,33.0,No,rarely,1099.0, Research & Development ,4,4,Medical,unknown,1,F,82.0
636,636,47.0,No,rarely,571.0,,14,3,Medical,1503.0,3,F,
637,637,40.0,Yes,,676.0,,9,4,Life Sciences,1534.0,4,M,86.0
638,638,45.0,No,rarely,950.0,,49,3,Technical Degree,1546.0,4,M,97.0
639,639,40.0,No,rarely,1342.0,,9,2,,1548.0,1,M,47.0
640,640,29.0,No,,995.0,,2,1,Life Sciences,unknown,1,M,87.0
641,641,40.0,No,,118.0,,14,2,Life Sciences,1598.0,4,F,84.0
642,642,43.0,No,,990.0,,27,3,,1599.0,4,M,87.0
643,643,30.0,No,,241.0,,7,3,,1609.0,2,M,48.0
644,644,38.0,No,,, Research & Development ,2,2,,1638.0,4,F,54.0
645,645,37.0,No,rarely,1470.0, Research & Development ,10,3,,1640.0,2,F,71.0
646,646,39.0,No,rarely,492.0,,12,3,Medical,unknown,4,M,66.0
647,647,36.0,No,rarely,1040.0, Research & Development ,11,2,Life Sciences,1664.0,1,M,79.0
648,648,23.0,Yes,rarely,1320.0,,8,1,Medical,1684.0,4,M,93.0
649,649,35.0,No,,146.0,,2,4,,1704.0,1,M,79.0
650,650,31.0,No,frequently,163.0,,24,1,Technical Degree,1736.0,4,F,30.0
651,651,38.0,No,rarely,1153.0, Research & Development ,6,2,Other,1782.0,4,F,40.0
652,652,35.0,No,,185.0,,23,4,Medical,1826.0,2,M,91.0
653,653,40.0,No,,750.0,,12,3,,unknown,2,F,47.0
654,654,27.0,No,frequently,1297.0, Research & Development ,48,2,,1850.0,4,F,
655,655,41.0,No,,337.0,,8,3,,1909.0,3,F,54.0
656,656,33.0,No,rarely,217.0,,15,4,Marketing,1924.0,2,M,43.0
657,657,49.0,No,,1064.0,,2,1,Life Sciences,1941.0,2,M,42.0
658,658,36.0,No,non-travel,1351.0,,9,4,,1949.0,1,M,66.0
659,659,41.0,No,,930.0,,3,3,Life Sciences,unknown,3,M,57.0
660,660,29.0,No,,468.0,,41,4,Medical,unknown,4,F,73.0
661,661,31.0,No,non-travel,,,5,3,Medical,unknown,2,M,74.0
662,662,36.0,Yes,rarely,1218.0,,9,4,Life Sciences,27.0,3,M,82.0
663,663,43.0,No,rarely,1273.0,,2,2,Medical,46.0,4,F,72.0
664,664,33.0,No,frequently,1141.0,,18,3,Life Sciences,52.0,1,F,42.0
665,665,44.0,No,,1488.0, Sales ,1,5,Marketing,68.0,2,F,75.0
666,666,38.0,No,,653.0,,29,5,Life Sciences,79.0,4,F,50.0
667,667,50.0,No,,989.0,,7,2,Medical,80.0,2,F,43.0
668,668,59.0,No,frequently,1225.0,,1,1,,91.0,1,F,57.0
669,669,40.0,No,frequently,530.0,,1,4,Life Sciences,119.0,3,M,78.0
670,670,54.0,No,rarely,1217.0,,2,4,Technical Degree,126.0,1,F,60.0
671,671,50.0,No,,,,47,3,,unknown,1,F,73.0
672,672,54.0,No,non-travel,142.0,,26,3,,148.0,4,F,
673,673,24.0,No,,1127.0,,18,1,Life Sciences,150.0,2,M,52.0
674,674,37.0,No,rarely,1189.0,,3,3,Life Sciences,unknown,3,M,87.0
675,675,30.0,No,rarely,1427.0,,2,1,,198.0,2,M,35.0
676,676,34.0,No,frequently,303.0,,10,4,,216.0,1,F,75.0
677,677,57.0,No,rarely,334.0, Research & Development ,24,2,,unknown,3,M,83.0
678,678,38.0,No,rarely,702.0,,1,4,Life Sciences,230.0,1,F,
679,679,41.0,Yes,rarely,,,20,2,Marketing,unknown,2,F,70.0
680,680,42.0,No,,926.0,,21,2,,270.0,3,F,36.0
681,681,34.0,No,,878.0,,10,4,,277.0,4,M,43.0
682,682,30.0,Yes,,334.0,,26,4,,299.0,3,F,52.0
683,683,29.0,Yes,rarely,896.0,,13,1,Medical,315.0,1,M,86.0
684,684,32.0,No,,1401.0,,4,2,,330.0,3,F,56.0
685,685,25.0,No,,675.0,,5,2,Life Sciences,369.0,2,M,85.0
686,686,53.0,No,,1070.0,,3,4,,386.0,3,M,45.0
687,687,26.0,No,,496.0, Research & Development ,11,2,Medical,390.0,1,M,60.0
688,688,28.0,No,,1117.0,,8,2,,unknown,4,F,66.0
689,689,28.0,No,rarely,1476.0,,16,2,Medical,412.0,2,M,68.0
690,690,58.0,No,,390.0, Research & Development ,1,4,Life Sciences,422.0,4,M,32.0
691,691,27.0,No,rarely,1220.0,,5,3,,434.0,3,F,85.0
692,692,54.0,No,frequently,928.0,,20,4,Life Sciences,450.0,4,F,31.0
693,693,40.0,No,rarely,1124.0,,45,2,,unknown,4,M,57.0
694,694,29.0,No,non-travel,746.0,,2,3,Life Sciences,469.0,4,M,61.0
695,695,50.0,No,rarely,1046.0,,10,3,,491.0,4,M,100.0
696,696,24.0,Yes,rarely,1448.0,,1,1,Technical Degree,554.0,1,F,62.0
697,697,30.0,No,,1400.0, Research & Development ,37,3,,unknown,3,M,53.0
698,698,34.0,No,,1303.0,,2,4,,579.0,4,M,62.0
699,699,33.0,Yes,rarely,587.0,,10,1,,unknown,1,M,38.0
700,700,36.0,No,non-travel,635.0,,30,4,Medical,592.0,2,M,32.0
701,701,41.0,No,non-travel,267.0, Sales ,10,2,,599.0,4,M,
702,702,39.0,No,frequently,443.0,,8,1,,unknown,3,F,48.0
703,703,26.0,No,rarely,703.0,,28,2,Marketing,641.0,1,M,66.0
704,704,24.0,Yes,frequently,1287.0, Research & Development ,7,3,,unknown,1,F,55.0
705,705,27.0,No,,798.0, Research & Development ,6,4,,655.0,1,F,66.0
706,706,27.0,Yes,rarely,1420.0,,2,1,Marketing,667.0,3,M,85.0
707,707,50.0,Yes,,562.0, Sales ,8,2,Technical Degree,unknown,2,M,50.0
708,708,23.0,No,rarely,650.0,,49,1,,758.0,2,M,37.0
709,709,39.0,No,rarely,141.0,,24,3,,760.0,3,F,44.0
710,710,52.0,No,non-travel,715.0,,19,4,Medical,791.0,4,M,41.0
711,711,26.0,Yes,,,,8,3,,796.0,4,M,
712,712,54.0,No,,376.0,,19,4,,799.0,4,F,
713,713,37.0,No,rarely,571.0,,10,1,Life Sciences,unknown,4,F,82.0
714,714,50.0,No,rarely,691.0, Research & Development ,2,3,,815.0,3,M,64.0
715,715,42.0,No,,932.0,,1,2,Life Sciences,827.0,4,F,43.0
716,716,38.0,No,frequently,471.0, Research & Development ,12,3,,unknown,1,M,45.0
717,717,25.0,No,rarely,180.0,,2,1,Medical,unknown,1,M,65.0
718,718,32.0,No,,638.0,,8,2,,865.0,3,F,91.0
719,719,25.0,No,,141.0,,3,1,,unknown,3,M,98.0
720,720,42.0,No,,1265.0,,3,3,,894.0,3,F,95.0
721,721,33.0,No,,1075.0,,3,2,Human Resources,unknown,4,M,57.0
722,722,29.0,No,rarely,1086.0,,7,1,Medical,unknown,1,F,62.0
723,723,38.0,No,non-travel,152.0,,10,3,,983.0,3,F,85.0
724,724,45.0,No,rarely,974.0, Research & Development ,1,4,,996.0,4,F,91.0
725,725,31.0,No,frequently,853.0,,1,1,,1011.0,3,F,
726,726,22.0,No,,217.0, Research & Development ,8,1,Life Sciences,1019.0,2,M,94.0
727,727,59.0,No,rarely,715.0,,2,3,,1032.0,3,F,69.0
728,728,45.0,No,,1234.0, Sales ,11,2,,1045.0,4,F,90.0
729,729,45.0,No,rarely,788.0,,24,4,,1049.0,2,M,36.0
730,730,37.0,No,rarely,124.0,,3,3,,unknown,4,F,35.0
731,731,26.0,No,,921.0,,26,1,Medical,1068.0,1,F,66.0
732,732,26.0,No,,192.0,,1,2,Medical,unknown,1,M,59.0
733,733,28.0,No,,,,42,1,,1136.0,4,M,67.0
734,734,24.0,No,,477.0,,24,3,Medical,unknown,4,M,49.0
735,735,30.0,No,rarely,852.0,,10,3,Marketing,1179.0,3,M,72.0
736,736,43.0,Yes,,1372.0,,9,3,,1188.0,1,F,85.0
737,737,30.0,No,rarely,1329.0,,29,4,Life Sciences,1211.0,3,M,61.0
738,738,46.0,No,rarely,150.0,,2,4,Technical Degree,1228.0,4,M,60.0
739,739,42.0,No,non-travel,, Human Resources ,2,5,,1231.0,4,M,79.0
740,740,25.0,No,,,,10,4,Life Sciences,unknown,3,M,57.0
741,741,27.0,No,,1167.0,,4,2,,1259.0,1,M,76.0
742,742,56.0,No,rarely,206.0,,8,4,Life Sciences,1338.0,4,M,99.0
743,743,41.0,No,frequently,, Sales ,1,3,Marketing,1349.0,3,F,66.0
744,744,28.0,No,,736.0,,26,3,Life Sciences,1387.0,3,M,48.0
745,745,52.0,No,frequently,322.0,,28,2,,1401.0,4,F,59.0
746,746,26.0,No,rarely,683.0,,2,1,Medical,1407.0,1,M,36.0
747,747,49.0,Yes,frequently,1475.0,,28,2,,1420.0,1,M,97.0
748,748,34.0,No,frequently,560.0,,1,4,Other,1431.0,4,M,91.0
749,749,32.0,No,,,,7,5,Marketing,1446.0,4,M,97.0
750,750,33.0,No,,,,7,3,Medical,1477.0,4,M,54.0
751,751,29.0,Yes,,115.0, Sales ,13,3,,1487.0,1,F,51.0
752,752,30.0,No,,,,16,3,Life Sciences,1499.0,3,M,46.0
753,753,23.0,No,,507.0, Research & Development ,11,1,Life Sciences,1533.0,1,M,97.0
754,754,33.0,No,,575.0,,25,3,,1545.0,4,M,44.0
755,755,35.0,No,,,,28,4,,1554.0,2,F,98.0
756,756,38.0,No,frequently,888.0,,10,4,,1563.0,3,M,71.0
757,757,28.0,No,,580.0,,27,3,,1622.0,2,F,39.0
758,758,37.0,No,,671.0,,19,3,Life Sciences,1631.0,3,M,85.0
759,759,24.0,No,,567.0, Research & Development ,2,1,Technical Degree,1646.0,1,F,32.0
760,760,36.0,No,,311.0,,7,3,,1659.0,1,M,77.0
761,761,38.0,No,frequently,148.0,,2,3,,unknown,4,F,42.0
762,762,53.0,No,rarely,1395.0,,24,4,Medical,1689.0,2,M,48.0
763,763,37.0,No,frequently,1278.0,,1,4,,1700.0,3,M,31.0
764,764,24.0,No,,581.0, Research & Development ,12,3,Medical,unknown,3,M,62.0
765,765,29.0,No,rarely,1082.0,,9,4,Medical,unknown,4,F,43.0
766,766,32.0,No,rarely,371.0,,19,3,,1739.0,4,M,80.0
767,767,42.0,No,rarely,855.0,,12,3,Medical,1768.0,2,M,57.0
768,768,41.0,No,,548.0,,9,4,Life Sciences,1772.0,3,M,94.0
769,769,44.0,Yes,,429.0,,1,2,,1792.0,3,M,99.0
770,770,28.0,No,rarely,1181.0,,1,3,,unknown,3,M,82.0
771,771,39.0,No,,1253.0, Research & Development ,10,1,Medical,1800.0,3,M,65.0
772,772,40.0,No,,616.0,,2,2,Life Sciences,unknown,3,F,99.0
773,773,37.0,Yes,rarely,370.0,,10,4,,unknown,4,M,58.0
774,774,40.0,No,,1194.0,,1,3,,1822.0,3,F,52.0
775,775,26.0,No,rarely,572.0, Sales ,10,3,,unknown,3,M,46.0
776,776,42.0,No,,355.0,,10,4,Technical Degree,1854.0,3,M,38.0
777,777,34.0,No,rarely,1480.0,,4,3,,1882.0,3,M,64.0
778,778,37.0,No,rarely,783.0,,7,4,Medical,1885.0,4,M,78.0
779,779,27.0,No,,1354.0,,2,4,Technical Degree,1931.0,2,M,41.0
780,780,35.0,No,rarely,682.0,,18,4,,1945.0,2,M,71.0
781,781,28.0,No,non-travel,1103.0,,16,3,Medical,1947.0,3,M,49.0
782,782,29.0,No,,136.0,,1,3,Life Sciences,1954.0,1,M,89.0
783,783,54.0,No,,155.0, Research & Development ,9,2,,1969.0,1,F,67.0
784,784,24.0,No,rarely,771.0,,41,2,Life Sciences,1981.0,4,M,45.0
785,785,38.0,No,frequently,508.0,,6,4,,1997.0,1,M,72.0
786,786,42.0,No,,557.0,,18,4,,1998.0,4,M,35.0
787,787,41.0,No,,642.0,,1,3,Life Sciences,1999.0,4,M,76.0
788,788,25.0,No,rarely,1382.0,,8,2,,2018.0,1,F,85.0
789,789,44.0,No,,1037.0,,1,3,Medical,unknown,2,M,42.0
790,790,50.0,Yes,,878.0,,1,4,,2044.0,2,M,94.0
791,791,36.0,No,,1120.0, Sales ,11,4,Marketing,unknown,2,F,100.0
792,792,45.0,No,,374.0,,20,3,,2046.0,4,F,50.0
793,793,40.0,No,,1194.0,,2,4,,unknown,3,F,98.0
794,794,35.0,No,rarely,287.0,,1,4,,2052.0,3,F,62.0
795,795,29.0,No,rarely,,,13,2,Other,2053.0,4,M,46.0
796,796,34.0,No,,,,8,3,,2068.0,2,M,82.0
797,797,27.0,No,rarely,591.0,,2,1,,7.0,1,M,40.0
798,798,31.0,No,,670.0, Research & Development ,26,1,,16.0,1,M,
799,799,34.0,No,rarely,1346.0,,38,2,,18.0,2,M,93.0
800,800,28.0,Yes,rarely,103.0, Research & Development ,24,3,Life Sciences,19.0,3,M,50.0
801,801,32.0,No,rarely,334.0,,5,2,,21.0,1,M,80.0
802,802,38.0,No,,371.0, Research & Development ,2,3,Life Sciences,24.0,4,M,45.0
803,803,24.0,No,,673.0,,11,2,,26.0,1,F,96.0
804,804,34.0,Yes,,699.0,,6,1,,31.0,2,M,83.0
805,805,32.0,Yes,frequently,, Research & Development ,16,1,,33.0,2,F,72.0
806,806,46.0,No,rarely,705.0,,2,4,Marketing,38.0,2,F,83.0
807,807,44.0,No,,1459.0,,10,4,Other,40.0,4,M,41.0
808,808,50.0,Yes,rarely,,,3,2,,47.0,1,M,86.0
809,809,35.0,No,,890.0,,2,3,Marketing,49.0,4,F,97.0
810,810,28.0,Yes,,1434.0,,5,4,,65.0,3,M,50.0
811,811,26.0,No,,1443.0,,22,3,,72.0,2,F,47.0
812,812,35.0,No,rarely,1142.0,,31,4,,unknown,3,F,30.0
813,813,35.0,No,,664.0,,31,3,Medical,88.0,2,M,79.0
814,814,37.0,No,rarely,397.0,,20,4,Medical,102.0,1,M,30.0
815,815,46.0,No,rarely,,,38,2,Medical,103.0,3,M,80.0
816,816,34.0,No,rarely,1153.0,,1,2,Medical,110.0,1,M,94.0
817,817,51.0,No,rarely,432.0,,9,4,,116.0,4,M,96.0
818,818,24.0,No,rarely,1353.0, Sales ,3,2,Other,128.0,1,F,33.0
819,819,44.0,No,,489.0,,23,3,,132.0,2,M,
820,820,37.0,Yes,rarely,807.0,,6,4,Human Resources,133.0,3,M,63.0
821,821,59.0,No,non-travel,1420.0,,2,4,Human Resources,unknown,3,F,32.0
822,822,25.0,No,,1280.0,,7,1,,143.0,4,M,
823,823,43.0,No,,957.0,,26,3,Medical,171.0,2,F,72.0
824,824,50.0,No,frequently,809.0,,12,3,,unknown,3,F,77.0
825,825,31.0,Yes,rarely,542.0,,20,3,,175.0,2,F,71.0
826,826,36.0,No,,216.0, Research & Development ,6,2,Medical,178.0,2,M,84.0
827,827,51.0,Yes,frequently,1150.0,,16,4,,179.0,1,M,53.0
828,828,25.0,No,,, Sales ,28,3,Life Sciences,unknown,1,M,41.0
829,829,38.0,No,rarely,364.0,,3,5,Technical Degree,193.0,4,F,32.0
830,830,30.0,No,rarely,201.0, Research & Development ,5,3,Technical Degree,197.0,4,F,84.0
831,831,22.0,No,,1256.0,,36,1,Medical,unknown,3,M,80.0
832,832,27.0,No,non-travel,691.0, Research & Development ,9,3,Medical,218.0,4,M,57.0
833,833,28.0,No,,440.0, Research & Development ,21,3,Medical,221.0,3,M,42.0
834,834,27.0,No,,1157.0,,17,3,,233.0,3,M,51.0
835,835,56.0,No,rarely,713.0,,8,3,Life Sciences,241.0,3,F,67.0
836,836,38.0,No,rarely,,,9,2,,245.0,3,F,75.0
837,837,31.0,No,rarely,140.0,,12,1,Medical,246.0,3,F,95.0
838,838,34.0,No,rarely,629.0,,27,2,Medical,247.0,4,F,95.0
839,839,50.0,No,,328.0, Research & Development ,1,3,,249.0,3,M,86.0
840,840,53.0,No,,1084.0,,13,2,,250.0,4,F,
841,841,35.0,No,frequently,,,24,3,Medical,269.0,2,F,37.0
842,842,27.0,No,frequently,472.0,,1,1,,unknown,3,M,60.0
843,843,40.0,No,,905.0,,38,2,,unknown,3,M,99.0
844,844,22.0,No,,1136.0,,22,3,Life Sciences,unknown,2,M,60.0
845,845,40.0,No,,1151.0,,10,5,Life Sciences,287.0,4,M,63.0
846,846,46.0,No,,644.0,,1,4,,288.0,4,M,
847,847,30.0,Yes,,1005.0,,3,3,Technical Degree,297.0,4,F,88.0
848,848,29.0,Yes,,992.0,,1,3,,unknown,3,M,85.0
849,849,54.0,No,,1147.0,,3,3,,303.0,4,F,52.0
850,850,33.0,No,rarely,147.0, Research & Development ,4,4,,305.0,3,F,47.0
851,851,52.0,No,rarely,1323.0,,2,3,,316.0,3,F,89.0
852,852,59.0,No,rarely,818.0, Human Resources ,6,2,Medical,unknown,2,M,
853,853,32.0,Yes,,515.0,,1,3,,unknown,4,M,62.0
854,854,39.0,No,,1431.0,,24,4,Medical,332.0,2,F,96.0
855,855,32.0,No,non-travel,976.0,,26,4,Marketing,unknown,3,M,100.0
856,856,31.0,No,,1327.0,,3,4,Medical,337.0,2,M,73.0
857,857,33.0,No,rarely,832.0,,5,4,Life Sciences,338.0,3,F,63.0
858,858,45.0,No,,1199.0,,23,4,Life Sciences,341.0,1,M,77.0
859,859,42.0,No,,916.0, Research & Development ,17,2,,347.0,4,F,82.0
860,860,29.0,No,,1247.0,,19,2,Marketing,349.0,4,M,45.0
861,861,25.0,No,rarely,685.0,,1,3,,350.0,1,F,62.0
862,862,32.0,No,,128.0,,2,1,,362.0,4,M,84.0
863,863,28.0,No,rarely,1158.0,,9,3,,unknown,4,M,94.0
864,864,21.0,No,rarely,996.0,,3,2,,379.0,4,M,100.0
865,865,37.0,No,non-travel,728.0,,1,4,Medical,380.0,1,F,80.0
866,866,38.0,No,rarely,688.0,,23,4,Life Sciences,393.0,4,M,82.0
867,867,26.0,Yes,rarely,1449.0,,16,4,Medical,394.0,1,M,45.0
868,868,49.0,No,,636.0,,10,4,Life Sciences,396.0,3,F,
869,869,31.0,No,frequently,444.0, Sales ,5,3,,unknown,4,F,84.0
870,870,37.0,No,frequently,889.0,,9,3,Medical,403.0,2,M,53.0
871,871,31.0,No,rarely,691.0, Research & Development ,11,4,,423.0,1,M,86.0
872,872,31.0,No,rarely,106.0,,2,3,Human Resources,424.0,1,M,62.0
873,873,31.0,No,,, Research & Development ,2,4,,unknown,3,M,32.0
874,874,52.0,Yes,,723.0,,17,4,Medical,433.0,1,M,85.0
875,875,28.0,Yes,,1157.0,,2,4,Medical,440.0,1,M,84.0
876,876,47.0,No,rarely,1482.0,,5,5,,447.0,4,M,42.0
877,877,29.0,No,,738.0,,9,5,Other,455.0,2,M,30.0
878,878,37.0,No,,1192.0,,5,2,Medical,460.0,4,M,61.0
879,879,23.0,No,,1309.0,,26,1,,465.0,3,M,83.0
880,880,42.0,No,rarely,544.0, Human Resources ,2,1,,470.0,3,M,52.0
881,881,30.0,No,,641.0, Sales ,25,2,,475.0,4,F,85.0
882,882,21.0,Yes,,756.0,,31,1,,478.0,1,F,99.0
883,883,57.0,No,rarely,593.0,,1,4,Medical,482.0,4,M,88.0
884,884,21.0,No,,895.0,,9,2,,unknown,1,M,39.0
885,885,31.0,No,rarely,408.0,,9,4,Life Sciences,unknown,3,M,42.0
886,886,29.0,No,,1283.0, Research & Development ,17,3,,495.0,1,M,54.0
887,887,27.0,No,rarely,1469.0,,1,2,,unknown,4,M,82.0
888,888,49.0,No,rarely,1261.0,,7,3,Other,unknown,2,M,31.0
889,889,36.0,No,rarely,329.0,,2,3,,501.0,4,F,96.0
890,890,34.0,Yes,non-travel,1362.0,,19,3,Marketing,502.0,1,M,67.0
891,891,24.0,No,,1371.0,,10,4,Marketing,507.0,4,F,77.0
892,892,42.0,No,,201.0,,1,4,,517.0,2,F,
893,893,54.0,No,,821.0,,5,2,Medical,522.0,1,M,86.0
894,894,34.0,No,,1381.0,,4,4,,523.0,3,F,72.0
895,895,43.0,No,,313.0,,21,3,,525.0,4,M,61.0
896,896,43.0,No,rarely,1473.0,,8,4,Other,526.0,3,F,74.0
897,897,31.0,No,rarely,329.0,,1,2,,530.0,4,M,98.0
898,898,25.0,Yes,rarely,688.0,,3,3,Medical,unknown,1,M,91.0
899,899,45.0,No,,192.0,,10,2,Life Sciences,544.0,1,M,69.0
900,900,52.0,No,rarely,1490.0,,4,2,Life Sciences,unknown,4,F,
901,901,34.0,Yes,frequently,296.0,,6,2,,555.0,4,F,33.0
902,902,26.0,No,rarely,1349.0,,23,3,Life Sciences,unknown,1,F,90.0
903,903,29.0,No,,986.0,,3,4,,564.0,2,M,93.0
904,904,29.0,Yes,,408.0,,25,5,Technical Degree,unknown,3,F,71.0
905,905,46.0,No,,1009.0,,2,3,Life Sciences,unknown,1,M,51.0
906,906,46.0,No,,1125.0,,10,3,Marketing,580.0,3,F,94.0
907,907,30.0,No,rarely,413.0, Sales ,7,1,Marketing,585.0,4,M,57.0
908,908,34.0,Yes,frequently,988.0, Human Resources ,23,3,,unknown,2,F,43.0
909,909,42.0,No,,1474.0,,5,2,Other,591.0,2,M,97.0
910,910,22.0,Yes,,1368.0, Research & Development ,25,1,Technical Degree,593.0,3,M,99.0
911,911,29.0,No,rarely,232.0,,19,3,Technical Degree,611.0,4,M,34.0
912,912,46.0,No,frequently,1034.0, Research & Development ,18,1,Medical,624.0,1,F,86.0
913,913,32.0,Yes,,1474.0, Sales ,11,4,Other,631.0,4,M,
914,914,24.0,No,,,,24,3,Medical,632.0,4,M,38.0
915,915,35.0,No,rarely,538.0,,25,2,,652.0,1,M,54.0
916,916,42.0,No,,622.0,,2,4,Life Sciences,659.0,3,F,81.0
917,917,48.0,No,rarely,1236.0,,1,4,,664.0,4,F,40.0
918,918,44.0,No,rarely,1112.0,,1,4,,665.0,1,F,50.0
919,919,34.0,No,,204.0, Sales ,14,3,,666.0,3,F,31.0
920,920,21.0,No,,1343.0,,22,1,Technical Degree,unknown,3,M,49.0
921,921,44.0,No,rarely,1315.0,,3,4,,671.0,4,M,35.0
922,922,22.0,No,rarely,,,6,1,Medical,675.0,1,M,69.0
923,923,26.0,No,rarely,991.0,,6,3,,686.0,3,F,71.0
924,924,36.0,No,,913.0,,9,2,Medical,699.0,2,M,48.0
925,925,27.0,No,,1115.0,,3,4,Medical,unknown,1,M,54.0
926,926,23.0,No,rarely,885.0,,4,3,,705.0,1,M,58.0
927,927,25.0,No,,810.0,,8,3,Life Sciences,707.0,4,M,57.0
928,928,48.0,No,,817.0,,14,1,,712.0,1,M,56.0
929,929,24.0,Yes,rarely,693.0,,3,2,Life Sciences,unknown,1,F,65.0
930,930,60.0,No,rarely,1179.0,,16,4,,732.0,1,M,84.0
931,931,50.0,No,,316.0,,8,4,Marketing,738.0,4,M,54.0
932,932,44.0,No,non-travel,381.0,,24,3,,744.0,1,M,49.0
933,933,47.0,No,frequently,217.0,,3,3,,746.0,4,F,49.0
934,934,42.0,Yes,,933.0,,19,3,,752.0,3,M,57.0
935,935,43.0,No,frequently,775.0,,15,3,Life Sciences,754.0,4,M,47.0
936,936,40.0,No,,804.0,,2,1,,unknown,4,F,86.0
937,937,29.0,No,,1090.0, Sales ,10,3,,unknown,4,M,83.0
938,938,53.0,No,,346.0,,6,3,,769.0,4,M,86.0
939,939,23.0,No,rarely,310.0, Research & Development ,12,1,Medical,unknown,1,M,79.0
940,940,55.0,Yes,,725.0,,2,3,Medical,unknown,4,M,78.0
941,941,26.0,No,frequently,575.0,,1,2,Life Sciences,792.0,1,F,71.0
942,942,34.0,No,rarely,182.0,,1,4,,797.0,2,F,72.0
943,943,27.0,No,,829.0,,8,1,Marketing,800.0,3,M,84.0
944,944,35.0,No,rarely,384.0,,8,4,,unknown,1,F,72.0
945,945,30.0,No,rarely,921.0,,18,3,,806.0,4,M,38.0
946,946,34.0,No,,1111.0,,8,2,,unknown,3,F,93.0
947,947,52.0,No,rarely,1325.0, Research & Development ,25,4,Life Sciences,813.0,2,F,82.0
948,948,33.0,Yes,rarely,118.0,,16,3,Marketing,819.0,1,F,69.0
949,949,35.0,No,rarely,1258.0, Research & Development ,20,4,,unknown,2,F,40.0
950,950,28.0,Yes,,890.0,,2,4,,unknown,3,M,
951,951,36.0,No,rarely,1041.0,,13,3,Human Resources,unknown,3,M,36.0
952,952,34.0,No,frequently,702.0, Research & Development ,16,4,,838.0,3,F,100.0
953,953,34.0,No,,829.0,,3,2,,847.0,3,M,
954,954,44.0,No,rarely,625.0,,4,3,,852.0,4,M,50.0
955,955,32.0,No,,,,13,4,Life Sciences,859.0,2,M,73.0
956,956,53.0,No,,661.0,,7,2,,unknown,1,F,78.0
957,957,22.0,No,,,,1,2,Life Sciences,872.0,4,M,
958,958,44.0,No,rarely,986.0,,8,4,Life Sciences,874.0,1,M,62.0
959,959,35.0,Yes,frequently,,,25,4,Life Sciences,881.0,4,F,96.0
960,960,25.0,No,,583.0,,4,1,,885.0,3,M,87.0
961,961,49.0,No,rarely,1418.0,,1,3,Technical Degree,unknown,3,F,36.0
962,962,24.0,No,non-travel,1269.0,,19,1,Life Sciences,888.0,1,M,
963,963,38.0,No,rarely,395.0, Sales ,9,3,Marketing,893.0,2,M,98.0
964,964,29.0,Yes,rarely,341.0,,1,3,Medical,896.0,2,F,48.0
965,965,43.0,No,frequently,,,1,3,Life Sciences,902.0,4,F,33.0
966,966,28.0,No,rarely,821.0,,5,4,Medical,916.0,1,M,98.0
967,967,20.0,Yes,rarely,500.0,,2,3,,922.0,3,F,49.0
968,968,47.0,No,,1454.0,,2,4,Life Sciences,925.0,4,F,65.0
969,969,22.0,Yes,rarely,617.0,,3,1,Life Sciences,unknown,2,F,34.0
970,970,28.0,No,,995.0,,9,3,Medical,930.0,3,F,77.0
971,971,39.0,Yes,,1122.0, Research & Development ,6,3,Medical,unknown,4,M,70.0
972,972,33.0,No,rarely,1198.0, Research & Development ,1,4,,939.0,3,M,100.0
973,973,36.0,No,rarely,188.0, Research & Development ,7,4,Other,unknown,2,M,65.0
974,974,35.0,No,rarely,1219.0,,48,3,,975.0,3,F,86.0
975,975,31.0,Yes,,335.0,,9,2,Medical,991.0,3,M,46.0
976,976,33.0,No,rarely,461.0,,13,1,Life Sciences,995.0,2,F,53.0
977,977,27.0,No,,1134.0,,24,4,,1001.0,2,F,37.0
978,978,30.0,Yes,rarely,138.0,,22,3,,unknown,1,F,48.0
979,979,24.0,No,,1206.0,,17,1,Medical,unknown,4,F,41.0
980,980,35.0,Yes,rarely,622.0, Research & Development ,14,4,Other,1010.0,3,M,39.0
981,981,30.0,Yes,,109.0,,5,3,,1017.0,2,F,60.0
982,982,48.0,No,rarely,277.0, Research & Development ,6,3,,1022.0,1,M,97.0
983,983,41.0,No,rarely,549.0,,7,2,Medical,unknown,4,F,42.0
984,984,27.0,No,,1055.0, Research & Development ,2,4,,1027.0,1,F,47.0
985,985,35.0,No,rarely,802.0, Research & Development ,10,3,Other,1028.0,2,M,45.0
986,986,26.0,Yes,non-travel,265.0,,29,2,Medical,1037.0,2,M,79.0
987,987,33.0,No,non-travel,1038.0, Sales ,8,1,Life Sciences,1044.0,2,F,
988,988,26.0,Yes,,342.0,,2,3,Life Sciences,1053.0,1,M,57.0
989,989,38.0,No,frequently,1186.0,,3,4,,unknown,3,M,44.0
990,990,46.0,No,,430.0,,47,4,Medical,1069.0,4,M,40.0
991,991,20.0,Yes,,769.0,,9,3,Marketing,1077.0,4,F,54.0
992,992,30.0,No,,1176.0,,20,3,Other,1084.0,2,M,85.0
993,993,27.0,No,non-travel,1277.0,,8,5,,1094.0,1,M,87.0
994,994,55.0,No,,1091.0,,2,1,,1096.0,4,M,65.0
995,995,33.0,No,rarely,654.0,,5,3,Life Sciences,1099.0,4,M,34.0
996,996,28.0,No,,895.0,,15,2,Life Sciences,1102.0,1,M,50.0
997,997,34.0,No,,618.0,,3,1,Life Sciences,1103.0,1,M,45.0
998,998,33.0,Yes,,1017.0,,25,3,Medical,1108.0,1,M,55.0
999,999,33.0,No,,970.0,,7,3,Life Sciences,1114.0,4,F,30.0
1000,1000,21.0,No,,984.0,,1,1,,1131.0,4,F,70.0
1001,1001,31.0,No,frequently,793.0,,20,3,,1135.0,3,M,67.0
1002,1002,35.0,No,,1182.0,,11,2,Marketing,unknown,4,M,54.0
1003,1003,34.0,No,,1003.0,,2,2,,1140.0,4,M,95.0
1004,1004,33.0,Yes,,603.0,,9,4,,1157.0,1,F,77.0
1005,1005,31.0,Yes,,874.0, Research & Development ,15,3,Medical,1160.0,3,M,72.0
1006,1006,37.0,No,rarely,367.0,,25,2,,1161.0,3,F,52.0
1007,1007,27.0,No,rarely,199.0,,6,3,,1162.0,4,M,55.0
1008,1008,35.0,No,frequently,,,4,4,Other,1185.0,4,M,
1009,1009,56.0,No,,718.0,,4,4,,unknown,4,F,92.0
1010,1010,45.0,No,,1457.0, Research & Development ,7,3,Medical,1195.0,1,F,83.0
1011,1011,20.0,No,rarely,805.0,,3,3,,unknown,1,M,87.0
1012,1012,50.0,No,frequently,1421.0,,2,3,,unknown,4,F,30.0
1013,1013,46.0,No,,1450.0,,15,2,Life Sciences,1217.0,4,M,52.0
1014,1014,32.0,No,,116.0,,13,3,Other,1234.0,3,F,77.0
1015,1015,35.0,No,,1212.0,,8,2,,unknown,3,F,78.0
1016,1016,29.0,No,,1010.0,,1,3,Life Sciences,unknown,1,F,97.0
1017,1017,21.0,Yes,frequently,,,10,2,,unknown,1,F,45.0
1018,1018,34.0,No,rarely,131.0,,2,3,Marketing,unknown,3,F,86.0
1019,1019,28.0,No,,791.0,,1,4,Medical,1286.0,4,M,44.0
1020,1020,35.0,No,rarely,735.0,,6,1,Life Sciences,1291.0,3,M,66.0
1021,1021,28.0,No,frequently,193.0,,2,3,Life Sciences,unknown,4,M,52.0
1022,1022,28.0,No,rarely,640.0,,1,3,Technical Degree,1301.0,4,M,84.0
1023,1023,25.0,No,,266.0, Research & Development ,1,3,Medical,1303.0,4,F,40.0
1024,1024,58.0,No,,848.0,,23,4,Life Sciences,1308.0,1,M,88.0
1025,1025,39.0,Yes,,,,23,3,Medical,unknown,3,M,93.0
1026,1026,30.0,No,rarely,1138.0,,6,3,Technical Degree,1311.0,1,F,48.0
1027,1027,50.0,No,,,,46,3,Life Sciences,1317.0,4,F,43.0
1028,1028,41.0,No,,256.0,,10,2,Medical,1329.0,3,M,40.0
1029,1029,31.0,Yes,,,,1,3,,1331.0,4,F,54.0
1030,1030,44.0,Yes,,935.0,,3,3,Life Sciences,1333.0,1,M,89.0
1031,1031,40.0,No,non-travel,458.0, Research & Development ,16,2,,unknown,3,M,74.0
1032,1032,25.0,No,rarely,882.0, Research & Development ,19,1,Medical,1358.0,4,M,67.0
1033,1033,40.0,No,rarely,329.0,,1,4,Life Sciences,1361.0,2,M,88.0
1034,1034,51.0,No,rarely,,,11,2,Technical Degree,unknown,4,F,82.0
1035,1035,27.0,No,frequently,793.0,,2,1,Life Sciences,1371.0,4,M,43.0
1036,1036,35.0,Yes,,662.0,,18,4,Marketing,1380.0,4,F,67.0
1037,1037,38.0,No,,693.0,,7,3,,unknown,4,M,57.0
1038,1038,31.0,Yes,,,,22,4,,1389.0,4,M,98.0
1039,1039,51.0,No,,541.0,,2,3,,unknown,2,M,52.0
1040,1040,41.0,No,,1200.0,,22,3,,1392.0,4,F,75.0
1041,1041,32.0,No,,499.0,,2,1,Marketing,1396.0,3,M,36.0
1042,1042,25.0,No,rarely,1372.0,,18,1,Life Sciences,unknown,1,M,93.0
1043,1043,27.0,No,,,,10,3,Marketing,1403.0,4,F,98.0
1044,1044,27.0,Yes,rarely,,,22,4,Life Sciences,1405.0,4,F,51.0
1045,1045,37.0,No,,1462.0,,11,3,Medical,1411.0,1,F,94.0
1046,1046,35.0,No,frequently,200.0,,18,2,Life Sciences,1412.0,3,M,60.0
1047,1047,25.0,No,,949.0,,1,3,,1415.0,1,M,81.0
1048,1048,30.0,No,,,,7,4,Marketing,1428.0,4,F,73.0
1049,1049,31.0,No,,182.0, Research & Development ,8,5,Life Sciences,unknown,1,F,93.0
1050,1050,36.0,No,,329.0,,16,4,Marketing,1436.0,3,F,98.0
1051,1051,25.0,Yes,rarely,383.0,,9,2,,1439.0,1,M,68.0
1052,1052,56.0,No,,1255.0,,1,2,Life Sciences,1441.0,1,F,90.0
1053,1053,41.0,No,,,,5,5,Medical,1448.0,2,M,90.0
1054,1054,31.0,No,rarely,1398.0,,8,2,,unknown,4,F,96.0
1055,1055,31.0,Yes,frequently,523.0, Research & Development ,2,3,Life Sciences,1464.0,2,M,94.0
1056,1056,48.0,No,,1221.0, Sales ,7,3,Marketing,1466.0,3,M,96.0
1057,1057,34.0,Yes,,1107.0,,9,4,,1467.0,1,F,52.0
1058,1058,44.0,No,,981.0,,5,3,Life Sciences,1471.0,3,M,90.0
1059,1059,49.0,No,rarely,1495.0, Research & Development ,5,4,,1473.0,1,M,96.0
1060,1060,44.0,No,,1467.0,,20,3,Life Sciences,1475.0,4,M,49.0
1061,1061,28.0,Yes,,1496.0,,1,3,,1486.0,1,M,92.0
1062,1062,44.0,No,frequently,1193.0, Research & Development ,2,1,,unknown,2,M,86.0
1063,1063,55.0,No,rarely,1229.0,,4,4,Life Sciences,unknown,4,M,30.0
1064,1064,28.0,No,frequently,467.0,,7,3,Life Sciences,1507.0,3,M,55.0
1065,1065,49.0,No,rarely,271.0,,45,2,Medical,1509.0,4,F,43.0
1066,1066,29.0,No,frequently,410.0,,2,1,Life Sciences,1513.0,4,F,97.0
1067,1067,32.0,No,,495.0,,10,3,,1516.0,3,M,64.0
1068,1068,31.0,Yes,frequently,561.0,,3,3,Life Sciences,1537.0,4,F,33.0
1069,1069,40.0,No,,1142.0,,43,2,Life Sciences,1552.0,4,M,72.0
1070,1070,36.0,No,rarely,1157.0,,2,4,Life Sciences,unknown,3,M,70.0
1071,1071,33.0,No,,1242.0,,8,4,Life Sciences,1560.0,1,M,46.0
1072,1072,30.0,No,,1288.0, Sales ,14,4,,1568.0,1,M,33.0
1073,1073,38.0,Yes,rarely,903.0,,2,3,Medical,1573.0,3,M,81.0
1074,1074,48.0,No,rarely,1108.0, Research & Development ,15,4,,1576.0,3,F,65.0
1075,1075,34.0,No,,1351.0, Research & Development ,1,4,,1580.0,2,M,45.0
1076,1076,38.0,No,rarely,437.0,,16,3,Life Sciences,1583.0,2,F,90.0
1077,1077,35.0,No,rarely,,,10,4,,1587.0,1,F,51.0
1078,1078,23.0,No,,977.0,,10,3,,1592.0,4,M,45.0
1079,1079,36.0,No,,1302.0,,6,4,,1594.0,1,M,80.0
1080,1080,34.0,No,frequently,653.0,,36,4,,1597.0,3,M,92.0
1081,1081,22.0,No,non-travel,457.0,,26,2,Other,unknown,2,F,85.0
1082,1082,32.0,No,,634.0,,5,4,,1607.0,2,F,35.0
1083,1083,31.0,No,frequently,715.0,,2,4,,unknown,4,M,54.0
1084,1084,36.0,No,rarely,559.0,,12,4,Life Sciences,unknown,3,F,76.0
1085,1085,21.0,No,,546.0,,19,1,Medical,1623.0,3,M,97.0
1086,1086,47.0,No,,1176.0,,26,4,,unknown,4,F,
1087,1087,39.0,No,,711.0,,4,3,Medical,unknown,1,F,81.0
1088,1088,40.0,No,,448.0,,16,3,,1641.0,3,F,84.0
1089,1089,48.0,No,frequently,365.0,,4,5,,1644.0,3,M,89.0
1090,1090,35.0,Yes,,763.0,,10,2,Medical,1645.0,1,M,59.0
1091,1091,27.0,No,rarely,486.0, Research & Development ,8,3,Medical,1647.0,2,F,86.0
1092,1092,27.0,No,,591.0,,2,3,Medical,1648.0,4,M,87.0
1093,1093,40.0,Yes,rarely,1329.0,,7,3,,unknown,1,M,
1094,1094,29.0,No,,469.0,,10,3,,unknown,3,M,42.0
1095,1095,36.0,No,,711.0,,5,4,Life Sciences,1651.0,2,F,42.0
1096,1096,49.0,No,rarely,301.0,,22,4,Other,1655.0,1,F,72.0
1097,1097,20.0,No,rarely,1141.0,,13,3,Medical,1657.0,3,F,31.0
1098,1098,36.0,No,non-travel,894.0, Research & Development ,1,4,,1662.0,4,F,33.0
1099,1099,33.0,No,rarely,392.0,,2,4,,1670.0,4,M,93.0
1100,1100,49.0,No,,,,16,3,Medical,1674.0,4,F,74.0
1101,1101,47.0,No,rarely,1225.0,,2,4,Life Sciences,unknown,2,F,47.0
1102,1102,20.0,No,rarely,727.0,,9,1,,unknown,4,M,54.0
1103,1103,36.0,No,rarely,1351.0,,26,4,,1682.0,1,M,80.0
1104,1104,44.0,No,rarely,528.0, Human Resources ,1,3,,1683.0,3,F,44.0
1105,1105,55.0,No,,1441.0,,12,3,Technical Degree,1694.0,1,M,94.0
1106,1106,23.0,Yes,,427.0,,7,3,Life Sciences,1702.0,3,M,99.0
1107,1107,26.0,No,,390.0,,17,4,,unknown,4,M,62.0
1108,1108,32.0,No,frequently,585.0,,10,3,,unknown,1,M,
1109,1109,31.0,No,,741.0,,2,4,Life Sciences,1721.0,2,M,69.0
1110,1110,41.0,No,non-travel,552.0, Human Resources ,4,3,Human Resources,1722.0,3,M,60.0
1111,1111,24.0,No,rarely,506.0,,29,1,Medical,unknown,2,M,91.0
1112,1112,36.0,Yes,,1456.0,,13,5,Marketing,1733.0,2,M,96.0
1113,1113,23.0,No,,160.0,,4,1,,1735.0,3,F,51.0
1114,1114,24.0,No,,897.0,,35,3,Medical,1746.0,3,M,59.0
1115,1115,30.0,Yes,frequently,600.0,,42,3,,unknown,3,F,
1116,1116,31.0,No,,1003.0,,5,3,,unknown,1,M,51.0
1117,1117,27.0,No,,1054.0,,48,3,,1751.0,4,F,67.0
1118,1118,29.0,Yes,rarely,428.0,,9,3,,unknown,2,F,
1119,1119,29.0,No,,461.0,,1,3,,1753.0,4,M,70.0
1120,1120,53.0,No,,661.0,,31,4,,unknown,1,F,60.0
1121,1121,34.0,No,rarely,511.0,,3,2,,unknown,4,F,32.0
1122,1122,51.0,No,rarely,942.0,,3,3,,unknown,1,F,53.0
1123,1123,37.0,No,rarely,589.0, Sales ,9,2,Marketing,1787.0,2,M,46.0
1124,1124,46.0,No,,849.0,,26,2,Life Sciences,1801.0,2,M,98.0
1125,1125,43.0,No,non-travel,343.0, Research & Development ,9,3,,1813.0,1,M,52.0
1126,1126,41.0,No,rarely,,,35,3,,1814.0,3,M,85.0
1127,1127,31.0,No,,1125.0,,7,4,,1833.0,1,F,
1128,1128,28.0,No,rarely,1217.0,,1,3,Medical,1834.0,3,F,67.0
1129,1129,38.0,No,,723.0, Sales ,2,4,,1835.0,2,F,77.0
1130,1130,58.0,No,frequently,1216.0, Research & Development ,15,4,Life Sciences,1837.0,1,M,87.0
1131,1131,29.0,Yes,rarely,350.0,,13,3,,1844.0,1,M,56.0
1132,1132,47.0,No,rarely,207.0,,9,4,Life Sciences,1856.0,2,F,64.0
1133,1133,28.0,No,,280.0,,1,2,Life Sciences,1858.0,3,M,43.0
1134,1134,32.0,Yes,rarely,414.0, Sales ,2,4,Marketing,unknown,3,M,82.0
1135,1135,39.0,No,rarely,,,19,4,,unknown,4,M,41.0
1136,1136,55.0,No,rarely,836.0,,2,4,,1873.0,2,M,98.0
1137,1137,29.0,No,,592.0,,7,3,Life Sciences,1883.0,4,M,59.0
1138,1138,35.0,No,,219.0,,16,2,Other,1886.0,1,F,44.0
1139,1139,34.0,Yes,non-travel,967.0,,16,4,Technical Degree,1905.0,4,M,85.0
1140,1140,56.0,Yes,rarely,,,24,2,,1907.0,1,M,
1141,1141,36.0,No,,335.0,,17,2,Marketing,1908.0,3,M,33.0
1142,1142,31.0,No,,1079.0,,10,2,,unknown,3,F,86.0
1143,1143,34.0,No,,735.0,,3,1,,unknown,4,F,75.0
1144,1144,31.0,No,rarely,471.0,,4,3,,unknown,1,F,62.0
1145,1145,45.0,No,frequently,,,1,4,Medical,1922.0,2,M,44.0
1146,1146,39.0,No,,1251.0,,21,4,,1929.0,1,F,32.0
1147,1147,38.0,No,rarely,1206.0,,9,2,,unknown,2,M,71.0
1148,1148,31.0,No,,976.0,,3,2,,1948.0,3,M,48.0
1149,1149,53.0,Yes,,1168.0,,24,4,Life Sciences,unknown,1,M,66.0
1150,1150,38.0,No,frequently,1444.0, Human Resources ,1,4,Other,1972.0,4,M,
1151,1151,54.0,No,,,,10,3,,1980.0,3,F,77.0
1152,1152,23.0,No,,571.0,,12,2,,1982.0,4,M,78.0
1153,1153,25.0,No,,977.0,,2,1,Other,1992.0,4,M,57.0
1154,1154,31.0,No,,1154.0,,2,2,Life Sciences,1996.0,1,M,54.0
1155,1155,35.0,No,rarely,1490.0,,11,4,Medical,2003.0,4,M,43.0
1156,1156,22.0,No,,581.0, Research & Development ,1,2,,2007.0,4,M,63.0
1157,1157,32.0,No,rarely,267.0,,29,4,,2010.0,3,F,49.0
1158,1158,32.0,No,,234.0,,36,4,,unknown,2,M,68.0
1159,1159,21.0,No,rarely,501.0, Sales ,5,1,Medical,unknown,3,M,58.0
1160,1160,36.0,No,,688.0,,13,2,Life Sciences,unknown,1,F,97.0
1161,1161,29.0,Yes,rarely,1092.0,,38,4,,2027.0,3,M,36.0
1162,1162,32.0,No,rarely,529.0,,2,3,Technical Degree,2038.0,4,M,78.0
1163,1163,40.0,No,rarely,1322.0,,2,4,,2048.0,3,M,52.0
1164,1164,35.0,No,frequently,1199.0,,18,4,Life Sciences,unknown,3,M,80.0
1165,1165,50.0,Yes,rarely,410.0, Sales ,40,3,Marketing,2055.0,4,M,39.0
1166,1166,26.0,No,,1167.0,,5,3,Other,2060.0,4,F,30.0
1167,1167,36.0,No,frequently,884.0,,23,2,Medical,2061.0,3,M,41.0
1168,1168,27.0,No,rarely,155.0,,4,3,Life Sciences,2064.0,2,M,87.0
1169,1169,33.0,No,,924.0,,2,3,Medical,39.0,3,M,78.0
1170,1170,36.0,No,,852.0,,5,4,Life Sciences,51.0,2,F,82.0
1171,1171,31.0,No,,1082.0, Research & Development ,1,4,Medical,95.0,3,M,87.0
1172,1172,22.0,No,rarely,, Research & Development ,2,1,Technical Degree,169.0,3,M,100.0
1173,1173,27.0,No,,1450.0,,3,3,,224.0,3,M,79.0
1174,1174,33.0,No,rarely,134.0,,2,3,Life Sciences,242.0,3,M,90.0
1175,1175,36.0,No,frequently,635.0,,18,1,,286.0,2,F,73.0
1176,1176,37.0,No,,1017.0,,18,2,Medical,340.0,1,F,83.0
1177,1177,32.0,No,,1311.0,,7,3,,unknown,2,M,
1178,1178,51.0,No,rarely,1302.0,,35,3,Medical,unknown,3,M,
1179,1179,49.0,No,,1091.0,,45,2,Technical Degree,431.0,4,F,90.0
1180,1180,35.0,No,,755.0,,9,4,,496.0,3,M,97.0
1181,1181,22.0,No,,253.0,,11,3,Medical,511.0,1,F,43.0
1182,1182,33.0,No,,922.0,,1,5,,612.0,1,F,95.0
1183,1183,31.0,Yes,,1365.0, Sales ,13,4,Medical,650.0,2,M,46.0
1184,1184,45.0,Yes,,306.0,,26,4,,684.0,1,F,100.0
1185,1185,53.0,No,,970.0,,7,3,,730.0,3,M,59.0
1186,1186,34.0,No,rarely,970.0,,8,2,,757.0,2,F,96.0
1187,1187,43.0,No,,,,14,2,Life Sciences,unknown,2,M,94.0
1188,1188,28.0,No,rarely,1169.0,,8,2,Medical,869.0,2,M,63.0
1189,1189,42.0,No,frequently,1271.0, Research & Development ,2,1,,875.0,2,M,35.0
1190,1190,27.0,No,rarely,618.0,,4,3,,unknown,2,F,76.0
1191,1191,40.0,No,,1469.0,,9,4,,964.0,4,M,
1192,1192,37.0,Yes,,625.0,,1,4,Life Sciences,970.0,1,M,46.0
1193,1193,29.0,No,frequently,1404.0,,18,3,Technical Degree,unknown,3,F,84.0
1194,1194,38.0,No,,1391.0, Research & Development ,10,1,,1006.0,3,M,66.0
1195,1195,34.0,No,,216.0,,46,4,,unknown,4,M,75.0
1196,1196,34.0,No,rarely,1333.0,,10,4,Life Sciences,1055.0,3,F,87.0
1197,1197,50.0,No,rarely,1464.0,,12,4,Medical,1061.0,1,M,62.0
1198,1198,26.0,Yes,,1330.0,,21,3,,1107.0,1,M,37.0
1199,1199,28.0,No,frequently,773.0, Research & Development ,6,3,Life Sciences,unknown,3,M,39.0
1200,1200,28.0,Yes,,1485.0,,12,1,,unknown,3,F,79.0
1201,1201,40.0,No,,902.0,,29,2,Medical,1180.0,2,F,92.0
1202,1202,19.0,No,rarely,645.0,,47,2,,1193.0,3,M,54.0
1203,1203,20.0,No,rarely,654.0,,21,3,Marketing,1226.0,3,M,43.0
1204,1204,40.0,No,,107.0,,10,3,,unknown,2,F,84.0
1205,1205,19.0,Yes,,504.0,,10,3,,unknown,1,F,96.0
1206,1206,59.0,No,,326.0,,3,3,,1254.0,3,F,48.0
1207,1207,30.0,No,rarely,634.0, Research & Development ,17,4,Medical,1321.0,2,F,95.0
1208,1208,45.0,No,rarely,1448.0,,29,3,,1465.0,2,M,55.0
1209,1209,40.0,No,rarely,896.0,,2,3,,unknown,3,M,68.0
1210,1210,30.0,No,,1358.0,,42,1,Life Sciences,1479.0,4,M,96.0
1211,1211,24.0,No,,, Research & Development ,24,2,Technical Degree,1551.0,3,M,57.0
1212,1212,32.0,No,,824.0,,5,2,Life Sciences,1555.0,4,F,67.0
1213,1213,28.0,Yes,rarely,329.0,,24,3,Medical,1604.0,3,M,51.0
1214,1214,49.0,No,,1313.0, Sales ,11,4,,1757.0,4,F,
1215,1215,38.0,No,frequently,594.0, Research & Development ,2,2,Medical,1760.0,3,F,75.0
1216,1216,46.0,No,rarely,734.0,,2,4,,1789.0,3,M,46.0
1217,1217,34.0,Yes,frequently,234.0,,9,4,Life Sciences,1807.0,4,M,93.0
1218,1218,39.0,No,,766.0,,20,3,Life Sciences,1812.0,3,M,83.0
1219,1219,26.0,Yes,rarely,920.0, Human Resources ,20,2,,1818.0,4,F,69.0
1220,1220,54.0,No,rarely,431.0,,7,4,Medical,1830.0,4,F,68.0
1221,1221,36.0,No,frequently,1213.0,,2,1,,1890.0,2,M,94.0
1222,1222,32.0,Yes,frequently,238.0, Research & Development ,5,2,,1939.0,1,F,47.0
1223,1223,32.0,No,,1146.0,,15,4,,unknown,3,F,
1224,1224,28.0,Yes,,1404.0, Research & Development ,17,3,,unknown,3,M,32.0
1225,1225,33.0,No,,1313.0,,1,2,Medical,1994.0,2,M,59.0
1226,1226,37.0,Yes,rarely,1373.0,,2,2,,4.0,4,M,92.0
1227,1227,59.0,No,rarely,1324.0,,3,3,Medical,10.0,3,F,81.0
1228,1228,30.0,No,rarely,1358.0,,24,1,Life Sciences,unknown,4,M,67.0
1229,1229,22.0,No,,1123.0,,16,2,,unknown,4,M,96.0
1230,1230,21.0,No,rarely,391.0,,15,2,,30.0,3,M,96.0
1231,1231,30.0,No,rarely,125.0,,9,2,Medical,41.0,4,M,83.0
1232,1232,39.0,Yes,rarely,895.0,,18,3,Technical Degree,42.0,1,M,56.0
1233,1233,24.0,Yes,rarely,813.0,,1,3,,unknown,2,M,61.0
1234,1234,35.0,No,,, Research & Development ,4,2,Other,53.0,3,M,75.0
1235,1235,27.0,No,,1240.0,,2,4,Life Sciences,54.0,4,F,33.0
1236,1236,26.0,Yes,,1357.0,,25,3,Life Sciences,55.0,1,M,48.0
1237,1237,37.0,No,,, Research & Development ,24,2,Life Sciences,unknown,2,M,73.0
1238,1238,35.0,No,,1229.0,,46,1,,unknown,4,M,36.0
1239,1239,48.0,Yes,,626.0,,1,2,,64.0,1,M,98.0
1240,1240,35.0,No,non-travel,1097.0,,11,2,Medical,70.0,3,M,79.0
1241,1241,55.0,No,rarely,836.0,,8,3,,84.0,4,F,
1242,1242,45.0,No,,1339.0,,7,3,Life Sciences,unknown,2,M,59.0
1243,1243,36.0,Yes,,318.0,,9,3,Medical,unknown,4,M,
1244,1244,36.0,No,rarely,132.0, Research & Development ,6,3,Life Sciences,97.0,2,F,55.0
1245,1245,45.0,No,rarely,193.0, Research & Development ,6,4,Other,unknown,4,M,52.0
1246,1246,55.0,No,,111.0,,1,2,,106.0,1,M,70.0
1247,1247,23.0,No,,541.0,,2,1,Technical Degree,113.0,3,M,62.0
1248,1248,32.0,No,rarely,827.0,,1,1,Life Sciences,unknown,4,M,71.0
1249,1249,20.0,Yes,,871.0, Research & Development ,6,3,Life Sciences,137.0,4,F,66.0
1250,1250,37.0,No,,1040.0,,2,2,Life Sciences,139.0,3,M,100.0
1251,1251,22.0,No,,, Research & Development ,15,3,,144.0,2,F,59.0
1252,1252,34.0,No,,1031.0,,24,4,Life Sciences,unknown,2,F,45.0
1253,1253,36.0,No,,922.0,,3,2,Life Sciences,155.0,1,F,39.0
1254,1254,19.0,Yes,rarely,528.0, Sales ,22,1,Marketing,167.0,4,M,
1255,1255,41.0,No,,,,9,4,Life Sciences,200.0,3,M,94.0
1256,1256,19.0,No,,,,18,1,,201.0,2,F,79.0
1257,1257,51.0,No,,1169.0,,7,4,,211.0,2,M,34.0
1258,1258,58.0,No,,1145.0,,9,3,,214.0,2,F,75.0
1259,1259,19.0,Yes,frequently,602.0,,1,1,,unknown,3,F,100.0
1260,1260,19.0,Yes,rarely,303.0,,2,3,Life Sciences,243.0,2,M,
1261,1261,35.0,Yes,rarely,556.0,,23,2,,unknown,2,M,50.0
1262,1262,38.0,No,rarely,1261.0,,38,4,,271.0,4,M,
1263,1263,38.0,Yes,,1180.0,,29,1,Medical,282.0,2,M,70.0
1264,1264,41.0,No,,896.0, Sales ,6,3,Life Sciences,unknown,4,F,75.0
1265,1265,59.0,No,rarely,142.0,,3,3,Life Sciences,309.0,3,M,70.0
1266,1266,50.0,No,rarely,854.0,,1,4,Medical,323.0,4,F,68.0
1267,1267,41.0,No,rarely,1411.0, Research & Development ,19,2,Life Sciences,334.0,3,M,36.0
1268,1268,45.0,No,,252.0,,1,3,,unknown,3,M,70.0
1269,1269,37.0,Yes,,504.0,,10,3,Medical,342.0,1,M,61.0
1270,1270,51.0,No,,833.0,,38,3,,unknown,3,M,96.0
1271,1271,28.0,Yes,rarely,529.0,,2,4,Life Sciences,364.0,1,M,79.0
1272,1272,29.0,No,rarely,1210.0,,2,3,Medical,unknown,1,M,78.0
1273,1273,31.0,No,rarely,1463.0, Research & Development ,23,3,Medical,367.0,2,M,64.0
1274,1274,38.0,No,rarely,322.0,,7,2,Medical,unknown,1,F,44.0
1275,1275,44.0,Yes,frequently,920.0,,12,3,Life Sciences,392.0,1,M,43.0
1276,1276,36.0,No,,506.0,,3,3,Technical Degree,397.0,3,M,30.0
1277,1277,18.0,Yes,,, Research & Development ,3,3,,unknown,3,M,54.0
1278,1278,36.0,No,,566.0,,18,4,Life Sciences,407.0,3,M,81.0
1279,1279,18.0,No,,812.0,,10,3,,unknown,4,F,69.0
1280,1280,39.0,Yes,rarely,1162.0,,3,2,,445.0,4,F,41.0
1281,1281,43.0,No,rarely,1001.0, Research & Development ,15,3,,unknown,1,F,43.0
1282,1282,47.0,No,frequently,1309.0,,4,1,Medical,unknown,2,M,99.0
1283,1283,42.0,No,rarely,810.0,,23,5,,468.0,1,F,44.0
1284,1284,32.0,No,,1062.0,,2,3,,471.0,3,F,75.0
1285,1285,48.0,No,rarely,530.0,,29,1,Medical,473.0,1,F,91.0
1286,1286,42.0,No,rarely,1332.0, Research & Development ,2,4,,477.0,1,M,98.0
1287,1287,36.0,No,non-travel,845.0,,1,5,Medical,479.0,4,F,45.0
1288,1288,33.0,Yes,rarely,350.0,,5,3,Marketing,485.0,4,F,34.0
1289,1289,46.0,No,,1144.0, Research & Development ,7,4,Medical,487.0,3,F,30.0
1290,1290,21.0,Yes,rarely,156.0, Sales ,12,3,Life Sciences,494.0,3,F,90.0
1291,1291,30.0,No,,202.0,,2,1,Technical Degree,508.0,3,M,72.0
1292,1292,30.0,Yes,frequently,464.0,,4,3,,514.0,3,M,40.0
1293,1293,32.0,No,rarely,1305.0,,10,4,,518.0,3,M,49.0
1294,1294,40.0,No,rarely,555.0,,2,3,,unknown,2,F,78.0
1295,1295,28.0,No,rarely,1300.0,,17,2,,unknown,3,M,79.0
1296,1296,38.0,No,frequently,1490.0,,2,2,,556.0,4,M,42.0
1297,1297,19.0,Yes,,489.0,,2,2,Technical Degree,566.0,1,M,
1298,1298,57.0,No,rarely,210.0,,29,3,,568.0,1,M,56.0
1299,1299,47.0,No,rarely,983.0,,2,2,Medical,unknown,1,F,65.0
1300,1300,54.0,No,rarely,548.0,,8,4,Life Sciences,unknown,3,F,42.0
1301,1301,31.0,Yes,frequently,534.0,,42,3,,unknown,4,M,66.0
1302,1302,18.0,Yes,frequently,1306.0,,5,3,Marketing,614.0,2,M,69.0
1303,1303,40.0,No,,1094.0,,28,3,Other,615.0,3,M,58.0
1304,1304,26.0,No,,775.0,,29,2,,unknown,1,M,45.0
1305,1305,26.0,Yes,rarely,471.0, Research & Development ,24,3,,622.0,3,M,66.0
1306,1306,38.0,No,,1495.0,,10,3,,unknown,3,F,76.0
1307,1307,24.0,No,,823.0,,17,2,Other,643.0,4,M,94.0
1308,1308,30.0,Yes,frequently,448.0,,12,4,,648.0,2,M,74.0
1309,1309,37.0,No,rarely,558.0,,2,3,Marketing,656.0,4,M,75.0
1310,1310,20.0,No,rarely,959.0, Research & Development ,1,3,Life Sciences,657.0,4,F,83.0
1311,1311,43.0,No,,782.0,,14,4,Other,661.0,2,M,50.0
1312,1312,38.0,No,,362.0,,27,1,Life Sciences,662.0,3,F,
1313,1313,33.0,No,,1216.0, Sales ,8,4,Marketing,unknown,3,M,39.0
1314,1314,30.0,No,,160.0,,3,3,,unknown,3,F,71.0
1315,1315,29.0,No,,, Sales ,44,2,Medical,690.0,2,F,62.0
1316,1316,20.0,Yes,,1362.0,,10,1,Medical,701.0,4,M,32.0
1317,1317,35.0,No,non-travel,727.0,,20,3,,704.0,2,M,41.0
1318,1318,37.0,No,,1225.0,,10,2,Life Sciences,715.0,4,M,80.0
1319,1319,38.0,No,,168.0,,1,3,,743.0,3,F,81.0
1320,1320,29.0,No,,1396.0,,10,3,,749.0,3,M,
1321,1321,35.0,No,,1225.0,,2,4,,unknown,4,F,61.0
1322,1322,38.0,No,rarely,268.0,,2,5,Medical,773.0,4,M,92.0
1323,1323,34.0,No,rarely,167.0,,8,5,Life Sciences,775.0,2,F,32.0
1324,1324,23.0,Yes,,1243.0,,6,3,Life Sciences,811.0,3,M,
1325,1325,24.0,No,,1092.0,,9,3,Life Sciences,812.0,3,M,60.0
1326,1326,29.0,Yes,rarely,805.0,,1,2,Life Sciences,816.0,2,F,36.0
1327,1327,40.0,No,frequently,720.0,,16,4,Medical,832.0,1,M,51.0
1328,1328,30.0,No,rarely,, Research & Development ,2,3,,833.0,3,F,52.0
1329,1329,45.0,No,,252.0,,2,3,,834.0,2,F,95.0
1330,1330,27.0,No,,443.0,,3,3,Medical,unknown,4,M,50.0
1331,1331,37.0,No,,342.0,,16,4,Marketing,unknown,4,M,66.0
1332,1332,32.0,No,,300.0,,1,3,Life Sciences,unknown,4,M,61.0
1333,1333,53.0,No,rarely,868.0,,8,3,Marketing,897.0,1,M,73.0
1334,1334,37.0,No,,1252.0,,19,2,,904.0,1,M,32.0
1335,1335,32.0,Yes,rarely,374.0,,25,4,,911.0,1,M,87.0
1336,1336,58.0,Yes,frequently,781.0,,2,1,,918.0,4,M,57.0
1337,1337,43.0,No,rarely,177.0,,8,3,,unknown,1,F,55.0
1338,1338,21.0,Yes,rarely,1427.0, Research & Development ,18,1,Other,923.0,4,F,65.0
1339,1339,34.0,No,,546.0,,48,3,Life Sciences,934.0,4,M,83.0
1340,1340,58.0,No,,1272.0,,5,3,,940.0,3,F,37.0
1341,1341,48.0,No,,,,20,4,Medical,945.0,4,M,51.0
1342,1342,32.0,No,non-travel,1184.0,,1,3,Life Sciences,951.0,3,F,70.0
1343,1343,25.0,Yes,,867.0,,19,2,Marketing,952.0,3,M,36.0
1344,1344,40.0,No,,658.0, Sales ,10,4,Marketing,954.0,1,M,67.0
1345,1345,19.0,Yes,,419.0,,21,3,Other,959.0,4,M,37.0
1346,1346,20.0,Yes,rarely,129.0, Research & Development ,4,3,Technical Degree,unknown,1,M,84.0
1347,1347,33.0,No,rarely,1069.0,,1,3,,unknown,2,F,42.0
1348,1348,58.0,Yes,rarely,289.0,,2,3,,unknown,4,M,51.0
1349,1349,40.0,Yes,non-travel,1479.0,,24,3,,986.0,2,F,100.0
1350,1350,29.0,Yes,rarely,906.0,,10,3,,994.0,4,F,92.0
1351,1351,47.0,No,rarely,955.0,,18,2,Life Sciences,1003.0,4,F,83.0
1352,1352,18.0,No,,287.0,,5,2,,1012.0,2,M,73.0
1353,1353,20.0,Yes,,1097.0,,16,3,Medical,unknown,4,F,98.0
1354,1354,42.0,No,,265.0,,5,2,,1029.0,4,M,90.0
1355,1355,50.0,No,rarely,804.0, Research & Development ,9,3,,unknown,1,M,64.0
1356,1356,37.0,Yes,rarely,1141.0,,11,2,Medical,1033.0,1,F,61.0
1357,1357,38.0,No,,,,3,4,Life Sciences,unknown,2,M,42.0
1358,1358,36.0,Yes,,660.0,,15,3,,1052.0,1,M,81.0
1359,1359,28.0,No,rarely,1144.0, Sales ,10,1,Medical,1056.0,4,M,74.0
1360,1360,43.0,No,,415.0,,25,3,,1076.0,3,M,
1361,1361,21.0,Yes,rarely,1334.0, Research & Development ,10,3,,1079.0,3,F,36.0
1362,1362,51.0,Yes,rarely,1323.0,,4,4,,1081.0,1,M,34.0
1363,1363,37.0,No,,309.0, Sales ,10,4,,1105.0,4,F,88.0
1364,1364,28.0,Yes,,1009.0, Research & Development ,1,3,Medical,1111.0,1,M,45.0
1365,1365,50.0,Yes,,,,1,4,,1113.0,4,M,81.0
1366,1366,34.0,No,,697.0,,3,4,,1115.0,3,M,40.0
1367,1367,38.0,No,rarely,130.0,,2,2,Marketing,1125.0,4,M,32.0
1368,1368,42.0,No,,188.0,,29,3,,unknown,2,M,56.0
1369,1369,18.0,Yes,,247.0,,8,1,,1156.0,3,M,80.0
1370,1370,41.0,No,,167.0,,12,4,,1158.0,2,M,46.0
1371,1371,35.0,No,rarely,982.0, Research & Development ,1,4,Medical,1172.0,4,M,58.0
1372,1372,32.0,No,,862.0, Sales ,2,1,,1190.0,3,F,76.0
1373,1373,22.0,Yes,,1256.0,,3,4,Life Sciences,unknown,3,M,48.0
1374,1374,44.0,No,non-travel,111.0,,26,3,,1206.0,2,M,74.0
1375,1375,41.0,Yes,non-travel,906.0,,5,2,Life Sciences,1210.0,1,M,95.0
1376,1376,40.0,No,frequently,1184.0,,2,4,,unknown,2,M,62.0
1377,1377,24.0,Yes,,984.0,,17,2,Life Sciences,unknown,4,F,97.0
1378,1378,42.0,No,frequently,458.0,,26,5,Medical,1242.0,1,F,60.0
1379,1379,49.0,No,,1098.0, Research & Development ,4,2,Medical,1256.0,1,M,85.0
1380,1380,48.0,No,rarely,969.0,,2,2,Technical Degree,1258.0,4,M,76.0
1381,1381,29.0,No,rarely,1329.0, Research & Development ,7,3,,1260.0,3,M,82.0
1382,1382,48.0,No,,715.0, Research & Development ,1,3,Life Sciences,1263.0,4,M,76.0
1383,1383,34.0,No,,1320.0,,20,3,Technical Degree,unknown,3,F,89.0
1384,1384,19.0,No,,265.0,,25,3,Life Sciences,1269.0,2,F,57.0
1385,1385,23.0,No,,373.0,,1,2,,1270.0,4,M,47.0
1386,1386,25.0,Yes,frequently,599.0,,32,1,,1273.0,3,M,73.0
1387,1387,42.0,No,,603.0,,34,4,Medical,unknown,2,F,78.0
1388,1388,51.0,No,frequently,968.0,,6,2,Medical,unknown,2,F,40.0
1389,1389,45.0,No,frequently,364.0,,25,3,Medical,1306.0,2,F,
1390,1390,27.0,No,,1291.0,,11,3,Medical,1364.0,3,F,98.0
1391,1391,18.0,No,non-travel,1124.0,,1,3,,1368.0,4,F,97.0
1392,1392,31.0,Yes,frequently,703.0,,2,3,,1379.0,3,F,90.0
1393,1393,31.0,Yes,frequently,,,1,4,Life Sciences,1427.0,2,F,50.0
1394,1394,31.0,Yes,rarely,202.0,,8,3,Life Sciences,1433.0,1,F,34.0
1395,1395,27.0,No,rarely,1377.0,,11,1,Life Sciences,1434.0,2,M,91.0
1396,1396,39.0,Yes,,592.0,,2,3,,1458.0,1,F,54.0
1397,1397,44.0,No,frequently,383.0,,1,5,Marketing,1481.0,1,F,79.0
1398,1398,30.0,No,,990.0, Research & Development ,25,3,,1482.0,2,M,
1399,1399,35.0,No,rarely,660.0,,26,1,Life Sciences,unknown,4,M,76.0
1400,1400,24.0,Yes,frequently,381.0,,9,3,,1494.0,2,M,89.0
1401,1401,24.0,No,,830.0,,13,2,,unknown,4,F,78.0
1402,1402,28.0,Yes,,289.0,,2,2,Medical,1504.0,3,M,
1403,1403,28.0,No,rarely,1423.0,,1,3,Life Sciences,unknown,1,M,72.0
1404,1404,33.0,No,,516.0,,8,5,,1515.0,4,M,69.0
1405,1405,39.0,No,rarely,1089.0,,6,3,,1525.0,2,F,32.0
1406,1406,42.0,No,,1210.0,,2,3,Medical,1542.0,3,M,68.0
1407,1407,29.0,No,rarely,598.0,,9,3,,1558.0,3,M,91.0
1408,1408,35.0,No,rarely,992.0,,1,3,,1564.0,4,M,68.0
1409,1409,35.0,Yes,rarely,104.0,,14,3,,unknown,1,F,69.0
1410,1410,34.0,No,,479.0,,13,4,Medical,1577.0,1,M,35.0
1411,1411,26.0,No,rarely,474.0,,3,3,,1581.0,1,F,89.0
1412,1412,36.0,No,rarely,884.0,,1,4,Life Sciences,unknown,2,F,73.0
1413,1413,50.0,No,,264.0,,24,3,Marketing,1591.0,2,M,59.0
1414,1414,42.0,No,rarely,1059.0,,9,2,,unknown,4,M,93.0
1415,1415,35.0,No,,1349.0,,7,2,Life Sciences,1601.0,3,M,63.0
1416,1416,46.0,No,rarely,563.0,,1,4,Life Sciences,1602.0,4,M,56.0
1417,1417,18.0,Yes,frequently,544.0, Sales ,3,2,Medical,1624.0,2,F,70.0
1418,1418,29.0,No,,991.0,,5,3,,1669.0,1,M,43.0
1419,1419,31.0,No,,1112.0,,5,4,Life Sciences,1673.0,1,F,67.0
1420,1420,41.0,No,rarely,1206.0,,23,2,,1678.0,4,M,80.0
1421,1421,38.0,No,rarely,1495.0,,4,2,,unknown,4,F,87.0
1422,1422,32.0,Yes,rarely,1259.0,,2,4,Life Sciences,unknown,4,M,95.0
1423,1423,60.0,No,,,,1,4,,1697.0,3,M,92.0
1424,1424,24.0,Yes,,240.0,,22,1,,1714.0,4,M,58.0
1425,1425,40.0,No,rarely,369.0,,8,2,Life Sciences,1724.0,2,F,92.0
1426,1426,30.0,No,rarely,793.0,,21,1,,unknown,2,M,33.0
1427,1427,47.0,No,non-travel,543.0,,2,4,Marketing,1731.0,3,M,87.0
1428,1428,32.0,Yes,rarely,964.0, Sales ,1,2,,unknown,1,M,
1429,1429,45.0,No,rarely,176.0,,41,3,Life Sciences,1744.0,4,F,56.0
1430,1430,34.0,No,,181.0,,2,4,,1755.0,4,M,97.0
1431,1431,33.0,Yes,,211.0,,16,3,,1758.0,1,F,74.0
1432,1432,31.0,Yes,rarely,1079.0,,16,4,,1761.0,1,M,70.0
1433,1433,29.0,No,rarely,590.0,,4,3,Technical Degree,unknown,4,F,91.0
1434,1434,30.0,No,,305.0,,16,3,,1763.0,3,M,58.0
1435,1435,38.0,No,rarely,833.0,,18,3,Medical,1766.0,2,M,60.0
1436,1436,43.0,Yes,,807.0,,17,3,Technical Degree,unknown,3,M,38.0
1437,1437,55.0,No,rarely,478.0,,44,3,,unknown,3,M,60.0
1438,1438,21.0,Yes,,337.0,,7,1,Marketing,unknown,2,M,31.0
1439,1439,22.0,Yes,rarely,1294.0,,45,1,Medical,1783.0,3,F,79.0
1440,1440,37.0,No,rarely,1239.0,,8,2,Other,unknown,3,M,89.0
1441,1441,42.0,No,rarely,1128.0,,13,3,,unknown,2,M,95.0
1442,1442,18.0,No,,1431.0,,14,3,,1839.0,2,F,33.0
1443,1443,31.0,Yes,rarely,359.0,,18,5,Human Resources,1842.0,4,M,89.0
1444,1444,36.0,No,rarely,430.0,,2,4,,1847.0,4,F,73.0
1445,1445,32.0,No,frequently,1318.0,,10,4,Marketing,1853.0,4,M,79.0
1446,1446,29.0,No,,726.0,,29,1,Life Sciences,unknown,4,M,93.0
1447,1447,42.0,No,rarely,1142.0,,8,3,,1860.0,4,M,
1448,1448,29.0,No,rarely,352.0,,6,1,,1865.0,4,M,87.0
1449,1449,29.0,Yes,,,,24,2,,unknown,4,M,73.0
1450,1450,28.0,No,rarely,1172.0, Sales ,3,3,Medical,1875.0,2,F,78.0
1451,1451,30.0,Yes,,945.0,,9,3,,1876.0,2,M,89.0
1452,1452,22.0,Yes,rarely,391.0, Research & Development ,7,1,Life Sciences,unknown,4,M,75.0
1453,1453,26.0,No,,482.0,,1,2,Life Sciences,1893.0,2,F,90.0
1454,1454,44.0,No,rarely,170.0,,1,4,,1903.0,2,M,78.0
1455,1455,29.0,Yes,frequently,746.0, Sales ,24,3,Technical Degree,1928.0,3,M,45.0
1456,1456,28.0,Yes,rarely,1475.0,,13,2,Marketing,1933.0,4,F,84.0
1457,1457,56.0,No,rarely,1443.0,,11,5,,1935.0,4,F,89.0
1458,1458,39.0,No,rarely,867.0,,9,2,,1936.0,1,M,87.0
1459,1459,58.0,No,,605.0,,21,3,,1938.0,4,F,72.0
1460,1460,42.0,No,rarely,419.0, Sales ,12,4,Marketing,1943.0,2,M,77.0
1461,1461,27.0,Yes,,1337.0,,22,3,,1944.0,1,F,58.0
1462,1462,38.0,No,rarely,1404.0,,1,3,,1961.0,1,M,59.0
1463,1463,32.0,No,,1373.0,,5,4,Life Sciences,1966.0,4,M,56.0
1464,1464,31.0,No,,1276.0,,2,1,Medical,1974.0,4,F,59.0
1465,1465,25.0,No,rarely,309.0,,2,3,,unknown,3,F,82.0
1466,1466,40.0,No,,543.0, Research & Development ,44,4,,2012.0,1,M,83.0
1467,1467,39.0,No,non-travel,105.0,,9,3,,unknown,4,M,87.0
1468,1468,23.0,Yes,,638.0,,9,3,,2023.0,4,M,33.0
1469,1469,35.0,No,rarely,1146.0,,26,4,Life Sciences,2040.0,3,F,31.0
1470,1470,34.0,No,rarely,1440.0,,7,2,Technical Degree,1541.0,2,M,55.0
1471,1471,28.0,No,non-travel,1103.0,,16,3,Medical,1947.0,3,M,49.0
1472,1472,29.0,No,,136.0,,1,3,Life Sciences,1954.0,1,M,89.0
1473,1473,58.0,Yes,rarely,147.0,,23,4,Medical,unknown,4,F,94.0
1474,1474,38.0,No,,119.0,,3,3,Life Sciences,307.0,1,M,76.0
1475,1475,29.0,No,frequently,1413.0,,1,1,,unknown,2,F,42.0
1476,1476,55.0,No,rarely,452.0,,1,3,Medical,374.0,4,M,81.0
1477,1477,41.0,No,,334.0,,2,4,,unknown,4,M,88.0
1478,1478,39.0,No,rarely,1132.0, Research & Development ,1,3,,unknown,3,M,48.0
1479,1479,38.0,No,,,,15,2,Life Sciences,unknown,3,M,92.0
1480,1480,43.0,No,,982.0,,12,3,,unknown,1,M,
1481,1481,31.0,No,,480.0,,7,2,,524.0,2,F,31.0
1482,1482,50.0,No,rarely,1099.0, Research & Development ,29,4,Life Sciences,569.0,2,M,88.0
1483,1483,33.0,No,non-travel,1038.0, Sales ,8,1,Life Sciences,1044.0,2,F,88.0
1484,1484,26.0,Yes,,342.0,,2,3,Life Sciences,1053.0,1,M,57.0
1485,1485,38.0,No,frequently,1186.0,,3,4,,unknown,3,M,44.0
1486,1486,46.0,No,,430.0,,1,4,Medical,1069.0,4,M,40.0
1487,1487,21.0,No,,984.0,,25,1,,1131.0,4,F,70.0
1488,1488,31.0,No,frequently,793.0,,20,3,,1135.0,3,M,67.0
1489,1489,35.0,No,,1182.0,,11,2,Marketing,unknown,4,M,54.0
1490,1490,34.0,No,,1003.0,,2,2,,1140.0,4,M,95.0
1491,1491,33.0,Yes,,603.0,,9,4,,1157.0,1,F,77.0
1492,1492,31.0,Yes,,874.0, Research & Development ,15,3,Medical,1160.0,3,M,72.0
1493,1493,37.0,No,rarely,367.0,,25,2,,1161.0,3,F,52.0
1494,1494,27.0,No,rarely,199.0,,6,3,,1162.0,4,M,55.0
1495,1495,35.0,No,frequently,,,4,4,Other,1185.0,4,M,47.0
1496,1496,56.0,No,,718.0,,4,4,,unknown,4,F,92.0
1497,1497,45.0,No,,1457.0, Research & Development ,7,3,Medical,1195.0,1,F,83.0
1498,1498,43.0,No,rarely,244.0,,2,3,Life Sciences,1778.0,2,M,97.0
1499,1499,31.0,No,rarely,196.0,,29,4,Marketing,unknown,1,F,91.0
1500,1500,35.0,Yes,,303.0,,27,3,,1797.0,3,M,84.0
1501,1501,35.0,No,non-travel,1180.0, Research & Development ,2,2,Medical,1804.0,2,M,90.0
1502,1502,30.0,No,,1092.0,,47,3,Medical,1816.0,4,F,64.0
1503,1503,46.0,Yes,rarely,261.0,,21,2,Medical,1821.0,4,F,66.0
1504,1504,45.0,No,non-travel,589.0,,48,4,,unknown,4,F,67.0
1505,1505,43.0,No,frequently,1422.0,,2,4,Life Sciences,1849.0,1,M,92.0
1506,1506,46.0,Yes,,,,10,3,Life Sciences,1869.0,3,F,64.0
1507,1507,40.0,No,rarely,1137.0, Research & Development ,1,4,,unknown,1,M,98.0
1508,1508,27.0,No,rarely,511.0, Sales ,2,2,,1898.0,1,F,89.0
1509,1509,42.0,No,,1396.0,,6,3,Medical,1911.0,3,M,83.0
1510,1510,26.0,No,frequently,1096.0,,6,3,Other,unknown,3,M,61.0
1511,1511,28.0,No,frequently,,,1,2,Life Sciences,1927.0,3,M,42.0
1512,1512,31.0,No,rarely,691.0, Research & Development ,5,4,,423.0,3,M,86.0
1513,1513,31.0,No,rarely,106.0,,2,3,Human Resources,424.0,1,M,62.0
1514,1514,31.0,No,,, Research & Development ,2,4,,unknown,3,M,32.0
1515,1515,52.0,Yes,,723.0,,8,4,Medical,433.0,3,M,85.0
1516,1516,28.0,Yes,,1157.0,,2,4,Medical,440.0,1,M,84.0
1517,1517,47.0,No,rarely,1482.0,,5,5,,447.0,4,M,42.0
1518,1518,29.0,No,,738.0,,9,5,Other,455.0,2,M,30.0
1519,1519,37.0,No,,1192.0,,5,2,Medical,460.0,4,M,61.0
1520,1520,23.0,No,,1309.0,,22,1,,465.0,3,M,83.0
1521,1521,42.0,No,rarely,544.0, Human Resources ,2,1,,470.0,3,M,52.0
1522,1522,30.0,No,,641.0, Sales ,28,2,,475.0,4,F,85.0
1523,1523,21.0,Yes,,756.0,,1,1,,478.0,1,F,99.0
1524,1524,57.0,No,rarely,593.0,,1,4,Medical,482.0,4,M,88.0
1525,1525,21.0,No,,895.0,,9,2,,unknown,1,M,39.0
1526,1526,31.0,No,rarely,408.0,,9,4,Life Sciences,unknown,3,M,42.0
1527,1527,29.0,No,,1283.0, Research & Development ,23,3,,495.0,4,M,54.0
1528,1528,27.0,No,rarely,1469.0,,1,2,,unknown,4,M,82.0
1529,1529,49.0,No,rarely,1261.0,,7,3,Other,unknown,2,M,31.0
1530,1530,36.0,No,rarely,329.0,,2,3,,501.0,4,F,96.0
1531,1531,34.0,Yes,non-travel,1362.0,,37,3,Marketing,502.0,1,M,67.0
1532,1532,24.0,No,,1371.0,,32,4,Marketing,507.0,4,F,77.0
1533,1533,42.0,No,,201.0,,1,4,,517.0,2,F,95.0
1534,1534,54.0,No,,821.0,,5,2,Medical,522.0,1,M,86.0
1535,1535,34.0,No,,1381.0,,4,4,,523.0,3,F,72.0
1536,1536,43.0,No,,313.0,,21,3,,525.0,4,M,61.0
1537,1537,43.0,No,rarely,1473.0,,8,4,Other,526.0,3,F,74.0
1538,1538,31.0,No,rarely,329.0,,1,2,,530.0,4,M,98.0
1539,1539,25.0,Yes,rarely,688.0,,3,3,Medical,unknown,1,M,91.0
1540,1540,45.0,No,,192.0,,10,2,Life Sciences,544.0,1,M,69.0
1541,1541,45.0,No,rarely,1385.0,,33,2,Medical,unknown,3,M,79.0
1542,1542,47.0,Yes,non-travel,666.0,,29,4,Life Sciences,376.0,1,M,88.0
1543,1543,35.0,No,,1315.0,,38,3,Life Sciences,381.0,2,F,71.0
1544,1544,29.0,No,frequently,442.0,,2,2,,388.0,2,M,44.0
1545,1545,55.0,No,rarely,147.0, Research & Development ,17,2,Technical Degree,389.0,1,M,37.0
1546,1546,26.0,Yes,rarely,950.0,,4,4,,401.0,4,M,48.0
1547,1547,31.0,No,rarely,218.0,,7,3,Technical Degree,416.0,2,M,100.0
1548,1548,43.0,No,frequently,,,10,4,Life Sciences,430.0,3,F,33.0
1549,1549,31.0,No,rarely,691.0,,7,3,Marketing,438.0,4,M,73.0
1550,1550,32.0,No,,1018.0,,2,4,Medical,unknown,1,F,74.0
1551,1551,33.0,No,,,,10,3,,446.0,2,M,46.0
1552,1552,43.0,No,frequently,559.0, Research & Development ,30,4,Life Sciences,448.0,3,F,82.0
1553,1553,29.0,Yes,rarely,318.0,,8,4,,454.0,2,M,77.0
1554,1554,27.0,No,,1130.0, Sales ,12,4,,458.0,2,F,56.0
1555,1555,29.0,No,rarely,144.0,,10,1,,unknown,4,F,39.0
1556,1556,37.0,No,,1319.0,,6,3,Medical,unknown,3,M,51.0
1557,1557,26.0,No,rarely,933.0,,1,3,,476.0,3,M,57.0
1558,1558,40.0,No,rarely,1171.0,,10,4,Life Sciences,483.0,4,F,46.0
1559,1559,41.0,Yes,,143.0,,4,3,,488.0,1,M,56.0
1560,1560,51.0,No,rarely,1178.0,,31,2,,500.0,3,F,87.0
1561,1561,37.0,No,,1107.0,,14,3,,unknown,4,F,95.0
1562,1562,56.0,No,,906.0,,6,3,Life Sciences,unknown,3,F,86.0
1563,1563,41.0,No,rarely,645.0, Sales ,1,3,Marketing,534.0,2,M,49.0
1564,1564,46.0,No,,1485.0,,18,3,Medical,unknown,3,F,87.0
1565,1565,30.0,No,non-travel,1116.0,,2,3,,unknown,3,F,49.0
1566,1566,35.0,No,rarely,1276.0,,16,3,Life Sciences,586.0,4,M,
1567,1567,48.0,No,rarely,163.0,,2,5,,595.0,2,F,37.0
1568,1568,45.0,No,rarely,561.0,,2,3,Other,unknown,4,M,61.0
1569,1569,26.0,Yes,frequently,426.0,,17,4,Life Sciences,608.0,2,F,58.0
1570,1570,41.0,No,,509.0,,2,4,Other,616.0,1,F,62.0
1571,1571,34.0,No,,258.0,,21,4,,621.0,4,M,74.0
1572,1572,31.0,No,rarely,525.0,,29,4,Medical,653.0,1,M,66.0
1573,1573,43.0,No,frequently,,,9,5,,663.0,4,M,72.0
1574,1574,53.0,No,,238.0, Sales ,1,1,,682.0,4,F,34.0
1575,1575,37.0,No,rarely,482.0,,3,3,Other,unknown,3,M,36.0
1576,1576,54.0,No,,397.0,,24,4,,unknown,3,M,88.0
1577,1577,38.0,No,rarely,243.0, Sales ,7,4,Marketing,unknown,4,F,46.0
1578,1578,29.0,No,,806.0, Research & Development ,1,4,Life Sciences,710.0,2,M,
1579,1579,34.0,No,,1442.0,,9,3,Medical,717.0,4,F,46.0
1580,1580,39.0,No,,408.0,,2,4,Technical Degree,721.0,4,F,80.0
1581,1581,32.0,No,,929.0,,10,3,Marketing,722.0,4,M,55.0
1582,1582,38.0,No,rarely,827.0,,1,4,Life Sciences,724.0,2,F,33.0
1583,1583,27.0,No,rarely,,,1,2,Life Sciences,725.0,3,F,68.0
1584,1584,32.0,No,rarely,1018.0,,3,2,Life Sciences,unknown,3,F,39.0
1585,1585,47.0,No,,703.0,,14,4,Marketing,728.0,4,M,42.0
1586,1586,27.0,No,frequently,294.0,,10,2,,733.0,4,M,32.0
1587,1587,41.0,No,,314.0,,1,3,,734.0,4,M,59.0
1588,1588,28.0,Yes,,654.0, Research & Development ,1,2,,unknown,1,F,67.0
1589,1589,36.0,No,,427.0, Research & Development ,8,3,,742.0,1,F,63.0
1590,1590,30.0,No,,501.0,,35,5,Marketing,747.0,3,M,99.0
1591,1591,56.0,No,rarely,,,9,3,,762.0,3,M,81.0
1592,1592,45.0,No,rarely,954.0,,2,2,,783.0,2,M,46.0
1593,1593,36.0,No,non-travel,1434.0,,8,4,,789.0,1,M,76.0
1594,1594,29.0,No,,657.0,,27,3,Medical,793.0,2,F,66.0
1595,1595,38.0,No,,240.0,,2,4,Life Sciences,803.0,1,F,75.0
1596,1596,40.0,No,,791.0,,2,2,Medical,unknown,3,F,38.0
1597,1597,42.0,No,frequently,570.0,,8,3,,809.0,2,M,66.0
1598,1598,36.0,No,rarely,676.0,,1,3,Other,823.0,3,F,35.0
1599,1599,29.0,No,rarely,,,23,2,,unknown,3,M,81.0
1600,1600,55.0,Yes,,436.0,,2,1,Medical,842.0,3,M,37.0
1601,1601,28.0,No,,760.0, Sales ,43,4,,unknown,4,F,81.0
1602,1602,26.0,Yes,,,,5,2,Medical,unknown,3,F,88.0
1603,1603,44.0,No,,661.0,,9,2,,913.0,2,M,61.0
1604,1604,41.0,Yes,,1085.0, Research & Development ,2,4,Life Sciences,927.0,2,F,
1605,1605,31.0,No,rarely,154.0,,7,4,,941.0,2,M,
1606,1606,26.0,No,frequently,1283.0, Sales ,1,3,Medical,956.0,3,M,52.0
1607,1607,31.0,No,,616.0,,12,3,Medical,unknown,4,F,41.0
1608,1608,32.0,No,,498.0,,3,4,Medical,966.0,3,F,93.0
1609,1609,36.0,Yes,rarely,530.0,,3,1,Life Sciences,967.0,3,M,51.0
1610,1610,45.0,No,non-travel,805.0,,4,2,,972.0,3,M,57.0
1611,1611,39.0,No,rarely,903.0,,13,5,,unknown,1,M,41.0
1612,1612,36.0,No,non-travel,1229.0,,8,4,Technical Degree,990.0,1,M,84.0
1613,1613,46.0,No,,566.0,,7,2,Medical,unknown,4,M,75.0
