,unnamed: 0,stockoptionlevel,totalworkingyears,trainingtimeslastyear,worklifebalance,yearsatcompany,yearsincurrentrole,yearssincelastpromotion,yearswithcurrmanager,datebirth,roledepartament,remotework
0,0,0,,5,3.0,20,,15,15,1972,Unknown,Si
1,1,1,34.0,5,3.0,33,,11,9,1971,Unknown,Si
2,2,0,22.0,3,,22,,11,15,1981, manager  -  research & development ,Si
3,3,2,,2,,20,,5,6,1976,Unknown,No
4,4,1,,5,3.0,19,,2,8,1977,Unknown,No
5,5,1,,3,3.0,22,,4,7,1975, manager  -  research & development ,Si
6,6,0,28.0,3,2.0,21,,7,9,1964,Unknown,Si
7,7,0,20.0,3,3.0,20,,11,6,1981,Unknown,No
8,8,1,22.0,2,3.0,18,,11,8,1982,Unknown,Si
9,9,1,21.0,2,4.0,18,,0,11,1982,Unknown,No
10,10,2,,3,3.0,21,,5,10,1982,Unknown,No
11,11,1,33.0,0,3.0,19,,15,9,1967,Unknown,No
12,12,1,,3,3.0,18,,1,11,1985,Unknown,Si
13,13,0,,0,3.0,22,,15,8,1982,Unknown,No
14,14,0,,3,3.0,24,,2,15,1968,Unknown,Si
15,15,0,,2,3.0,20,,1,12,1983,Unknown,No
16,16,0,40.0,2,3.0,31,,13,8,1965,Unknown,No
17,17,0,28.0,2,3.0,26,,15,9,1977,Unknown,No
18,18,0,,2,3.0,16,,1,10,1988,Unknown,No
19,19,2,18.0,2,,18,,14,12,1983,Unknown,Si
20,20,1,25.0,3,2.0,23,,14,4,1978, healthcare representative  -  research & development ,No
21,21,0,15.0,1,3.0,15,,8,12,1990,Unknown,Si
22,22,3,17.0,2,3.0,17,,12,8,1987,Unknown,Si
23,23,1,,3,2.0,26,,3,0,1976,Unknown,No
24,24,1,18.0,1,,18,,4,11,1987,Unknown,Si
25,25,1,17.0,2,3.0,17,,5,15,1988,Unknown,No
26,26,1,33.0,3,3.0,32,,6,9,1971,Unknown,Si
27,27,0,18.0,2,3.0,16,,5,12,1987,Unknown,No
28,28,1,15.0,3,3.0,15,,5,7,1990,Unknown,Si
29,29,1,15.0,3,3.0,15,,0,7,1989, sales executive  -  sales ,Si
30,30,1,,3,4.0,22,,13,5,1982, sales executive  -  sales ,Si
31,31,0,25.0,3,3.0,17,,12,11,1976, healthcare representative  -  research & development ,Si
32,32,1,26.0,3,2.0,14,,4,8,1970,Unknown,Si
33,33,0,16.0,2,3.0,15,,2,8,1988,Unknown,No
34,34,0,16.0,3,3.0,16,,2,10,1989,Unknown,Si
35,35,3,24.0,2,3.0,24,,15,7,1977,Unknown,Si
36,36,1,22.0,3,3.0,17,,1,9,1980,Unknown,Si
37,37,1,16.0,4,3.0,15,,10,11,1987, laboratory technician  -  research & development ,Si
38,38,0,22.0,5,4.0,18,13.0,13,11,1963,Unknown,Si
39,39,1,20.0,2,3.0,18,,1,12,1983,Unknown,No
40,40,1,14.0,3,3.0,14,,6,8,1991,Unknown,No
41,41,0,20.0,3,3.0,18,,2,17,1982,Unknown,Si
42,42,1,22.0,3,4.0,17,,15,2,1970,Unknown,No
43,43,0,18.0,1,3.0,17,,15,14,1987,Unknown,Si
44,44,3,,2,3.0,16,,1,7,1977,Unknown,No
45,45,2,16.0,3,,15,,5,8,1985,Unknown,Si
46,46,0,23.0,1,2.0,13,,12,8,1972,Unknown,Si
47,47,2,25.0,3,4.0,25,,4,12,1980,Unknown,Si
48,48,0,,3,3.0,17,,5,7,1986,Unknown,Si
49,49,0,,2,3.0,13,12.0,11,9,1991,Unknown,Si
50,50,1,15.0,3,3.0,15,,5,11,1985,Unknown,No
51,51,1,23.0,2,4.0,13,,5,1,1977,Unknown,Si
52,52,0,15.0,3,,13,,6,0,1988,Unknown,No
53,53,0,21.0,2,3.0,16,,6,14,1980,Unknown,Si
54,54,1,,2,2.0,13,,1,9,1967,Unknown,Si
55,55,1,,4,2.0,15,,11,11,1987,Unknown,Si
56,56,3,17.0,3,3.0,13,,1,9,1985,Unknown,Si
57,57,0,16.0,2,2.0,15,,5,11,1974,Unknown,No
58,58,1,17.0,1,4.0,15,,5,9,1984,Unknown,Si
59,59,1,15.0,2,2.0,12,,2,11,1983,Unknown,Si
60,60,0,16.0,3,4.0,13,,3,7,1987,Unknown,Si
61,61,2,15.0,2,3.0,13,,10,7,1986,Unknown,No
62,62,0,,3,3.0,17,,11,8,1988,Unknown,Si
63,63,1,15.0,2,1.0,13,,4,7,1990,Unknown,No
64,64,1,22.0,2,3.0,12,,1,5,1973, manufacturing director  -  research & development ,No
65,65,0,27.0,3,3.0,15,11.0,4,8,1975,Unknown,Si
66,66,1,,2,3.0,12,,11,11,1979, sales executive  -  sales ,Si
67,67,0,,3,3.0,20,,13,17,1979,Unknown,Si
68,68,3,15.0,0,3.0,12,,11,8,1983,Unknown,Si
69,69,0,14.0,2,4.0,14,,4,11,1989,Unknown,Si
70,70,1,,5,3.0,14,,2,9,1988, healthcare representative  -  research & development ,Si
71,71,3,,3,3.0,14,11.0,1,11,1973,Unknown,No
72,72,1,,3,3.0,15,,2,12,1974,Unknown,Si
73,73,2,19.0,4,,13,,2,9,1985,Unknown,Si
74,74,3,14.0,6,,14,,2,13,1990,Unknown,Si
75,75,1,,4,3.0,22,,14,10,1976,Unknown,Si
76,76,1,20.0,3,3.0,20,,0,7,1985, research scientist  -  research & development ,No
77,77,1,16.0,2,3.0,16,,6,8,1986,Unknown,Si
78,78,3,11.0,3,3.0,11,,10,8,1993,Unknown,Si
79,79,0,38.0,1,2.0,37,,1,8,1965,Unknown,Si
80,80,0,14.0,6,3.0,11,,5,8,1989,Unknown,No
81,81,1,40.0,3,2.0,40,,15,6,1965,Unknown,Si
82,82,2,,6,2.0,16,,5,13,1985,Unknown,Si
83,83,1,11.0,5,3.0,11,,4,1,1994,Unknown,Si
84,84,0,37.0,2,3.0,36,,4,13,1968,Unknown,Si
85,85,0,,2,3.0,22,,0,4,1982,Unknown,Si
86,86,3,19.0,5,2.0,18,,3,7,1984, healthcare representative  -  research & development ,No
87,87,1,,3,3.0,11,,2,9,1985,Unknown,Si
88,88,1,,3,,25,,3,9,1980,Unknown,Si
89,89,1,13.0,5,1.0,13,,3,12,1992,Unknown,Si
90,90,1,28.0,2,3.0,27,,15,7,1973, manager  -  research & development ,Si
91,91,0,,2,3.0,13,,4,8,1988,Unknown,No
92,92,0,20.0,3,,19,,2,7,1976,Unknown,Si
93,93,1,,3,2.0,16,,10,1,1988, healthcare representative  -  research & development ,Si
94,94,1,14.0,6,3.0,11,,11,1,1983,Unknown,Si
95,95,1,15.0,2,3.0,15,,4,12,1978, sales executive  -  sales ,No
96,96,1,15.0,5,3.0,14,,4,10,1990, research scientist  -  research & development ,No
97,97,0,12.0,2,2.0,11,,0,7,1987,Unknown,No
98,98,0,26.0,2,3.0,24,,1,11,1978,Unknown,Si
99,99,1,,5,2.0,29,,11,10,1972,Unknown,No
100,100,1,12.0,4,3.0,11,,5,7,1989,Unknown,No
101,101,1,,3,3.0,14,,6,11,1980, research director  -  research & development ,Si
102,102,1,,3,,15,,4,13,1989,Unknown,No
103,103,3,13.0,3,3.0,11,,3,8,1985,Unknown,Si
104,104,0,29.0,3,3.0,22,,12,9,1975,Unknown,No
105,105,0,16.0,3,3.0,15,,6,11,1989, research scientist  -  research & development ,No
106,106,2,14.0,3,3.0,14,,5,7,1991,Unknown,Si
107,107,1,10.0,1,3.0,10,,8,8,1994,Unknown,No
108,108,1,21.0,5,2.0,10,,9,5,1977,Unknown,No
109,109,0,,2,1.0,11,,4,7,1993, human resources  -  human resources ,No
110,110,1,20.0,2,,17,,0,15,1978,Unknown,Si
111,111,1,,2,3.0,10,,7,4,1993,Unknown,Si
112,112,2,12.0,4,3.0,12,,6,10,1993,Unknown,Si
113,113,0,10.0,2,2.0,10,,1,9,1989,Unknown,No
114,114,2,16.0,5,1.0,10,,4,7,1972,Unknown,No
115,115,1,13.0,3,3.0,11,,5,9,1989,Unknown,Si
116,116,2,12.0,3,2.0,11,,6,9,1988,Unknown,Si
117,117,1,24.0,2,3.0,24,,9,11,1978,Unknown,Si
118,118,0,21.0,3,3.0,21,,11,10,1984,Unknown,Si
119,119,1,10.0,2,3.0,10,,8,9,1992,Unknown,No
120,120,1,,2,3.0,21,,13,3,1984, manager  -  research & development ,Si
121,121,2,12.0,3,3.0,10,,9,8,1978,Unknown,Si
122,122,3,10.0,2,3.0,10,,1,2,1993, sales executive  -  sales ,Si
123,123,0,11.0,2,2.0,11,,4,10,1992,Unknown,No
124,124,1,16.0,2,3.0,13,,1,12,1987,Unknown,Si
125,125,2,10.0,2,3.0,10,,9,0,1987,Unknown,Si
126,126,0,37.0,2,3.0,10,,7,7,1968,Unknown,Si
127,127,0,15.0,2,3.0,11,,6,9,1988,Unknown,Si
128,128,1,10.0,5,2.0,10,,5,8,1981,Unknown,No
129,129,2,18.0,3,3.0,10,,6,9,1971,Unknown,Si
130,130,1,,5,3.0,31,,0,9,1974,Unknown,Si
131,131,1,,4,2.0,10,,8,8,1989, research scientist  -  research & development ,Si
132,132,0,10.0,2,2.0,10,,7,8,1990,Unknown,No
133,133,0,,3,4.0,13,,3,7,1990, research director  -  research & development ,Si
134,134,0,33.0,0,3.0,12,,3,8,1970,Unknown,Si
135,135,1,29.0,3,2.0,26,,1,7,1974,Unknown,No
136,136,1,,2,3.0,10,,0,8,1988,Unknown,No
137,137,1,20.0,4,2.0,19,,1,9,1985,Unknown,No
138,138,1,,3,3.0,12,,4,9,1977, manager  -  sales ,No
139,139,0,18.0,0,3.0,11,,0,9,1987,Unknown,No
140,140,0,,2,2.0,21,,13,14,1981,Unknown,Si
141,141,0,14.0,3,3.0,13,,4,9,1989,Unknown,Si
142,142,1,12.0,2,3.0,11,,5,7,1993, research scientist  -  research & development ,Si
143,143,0,36.0,2,3.0,10,,0,9,1969,Unknown,Si
144,144,0,10.0,2,3.0,10,,1,8,1992,Unknown,No
145,145,1,26.0,5,3.0,22,,3,10,1979,Unknown,Si
146,146,1,,3,3.0,33,,15,0,1968,Unknown,No
147,147,2,,4,2.0,25,,14,13,1979,Unknown,No
148,148,2,14.0,5,4.0,10,,1,8,1989, human resources  -  human resources ,Si
149,149,2,,4,3.0,19,,15,2,1984,Unknown,No
150,150,1,23.0,5,3.0,19,,9,11,1968,Unknown,Si
151,151,1,,2,3.0,33,,0,10,1972,Unknown,Si
152,152,0,,0,2.0,10,,5,9,1965,Unknown,Si
153,153,0,11.0,2,3.0,10,,0,8,1975,Unknown,Si
154,154,0,,3,2.0,10,,0,9,1994, human resources  -  human resources ,No
155,155,0,15.0,2,3.0,13,,3,12,1989,Unknown,Si
156,156,0,12.0,3,3.0,12,,5,8,1981,Unknown,Si
157,157,1,13.0,2,2.0,12,,2,8,1966,Unknown,Si
158,158,0,16.0,2,4.0,15,,10,10,1989,Unknown,No
159,159,1,26.0,2,3.0,14,,1,12,1969,Unknown,Si
160,160,0,,3,3.0,10,,8,6,1989,Unknown,No
161,161,0,,3,,10,,1,5,1994,Unknown,Si
162,162,2,,3,2.0,10,,6,8,1988,Unknown,Si
163,163,0,13.0,2,4.0,11,,6,7,1988,Unknown,Si
164,164,0,10.0,3,3.0,10,,8,7,1989,Unknown,Si
165,165,1,10.0,3,3.0,10,,8,8,1980,Unknown,No
166,166,1,37.0,0,2.0,16,,14,14,1965,Unknown,Si
167,167,1,10.0,4,3.0,10,,1,7,1987, sales executive  -  sales ,No
168,168,1,10.0,1,3.0,10,,0,9,1980,Unknown,Si
169,169,1,35.0,0,3.0,10,,1,4,1968,Unknown,Si
170,170,0,20.0,2,3.0,20,,3,7,1981, research scientist  -  research & development ,Si
171,171,1,10.0,2,4.0,10,,9,4,1983,Unknown,Si
172,172,1,14.0,4,1.0,10,,9,8,1967, laboratory technician  -  research & development ,Si
173,173,1,,2,2.0,20,,9,6,1984,Unknown,Si
174,174,0,,3,3.0,25,,3,7,1970,Unknown,Si
175,175,0,9.0,0,3.0,9,,1,7,1996,Unknown,No
176,176,0,12.0,2,,12,,3,7,1993,Unknown,Si
177,177,1,9.0,3,2.0,9,,1,8,1988,Unknown,Si
178,178,1,9.0,3,3.0,9,,7,8,1991, manufacturing director  -  research & development ,Si
179,179,2,,1,,10,,3,0,1993,Unknown,No
180,180,0,9.0,3,3.0,9,,4,7,1977, sales executive  -  sales ,No
181,181,3,11.0,4,2.0,11,,2,7,1993,Unknown,No
182,182,0,12.0,0,3.0,11,,5,7,1991,Unknown,Si
183,183,2,,3,3.0,10,,0,6,1988,Unknown,No
184,184,0,9.0,2,3.0,9,,3,7,1991,Unknown,Si
185,185,1,,2,3.0,9,,1,8,1982, research scientist  -  research & development ,Si
186,186,1,21.0,2,3.0,20,,9,9,1983,Unknown,No
187,187,1,22.0,1,3.0,20,,11,8,1978,Unknown,Si
188,188,0,14.0,2,2.0,14,,9,8,1991,Unknown,No
189,189,0,,2,3.0,11,,5,8,1993, manufacturing director  -  research & development ,Si
190,190,3,,1,3.0,10,,0,7,1986,Unknown,Si
191,191,1,13.0,2,3.0,9,,5,8,1986,Unknown,No
192,192,2,,3,3.0,9,,4,7,1983,Unknown,No
193,193,1,11.0,3,3.0,9,,0,8,1987,Unknown,Si
194,194,1,13.0,3,2.0,13,,4,8,1991,Unknown,Si
195,195,1,,2,3.0,10,,0,1,1985,Unknown,Si
196,196,2,11.0,2,3.0,10,,1,9,1993,Unknown,Si
197,197,1,21.0,3,3.0,21,,1,6,1984,Unknown,Si
198,198,0,33.0,5,1.0,29,,11,10,1963,Unknown,Si
199,199,0,10.0,3,3.0,9,,7,8,1993,Unknown,Si
200,200,1,,6,4.0,13,,0,8,1992, manufacturing director  -  research & development ,Si
201,201,0,,3,3.0,10,,9,7,1990,Unknown,No
202,202,3,20.0,3,3.0,20,,3,8,1973,Unknown,Si
203,203,2,10.0,2,3.0,10,,4,7,1991, laboratory technician  -  research & development ,Si
204,204,1,10.0,3,2.0,9,,7,8,1981,Unknown,Si
205,205,2,,3,4.0,9,,7,7,1974, sales executive  -  sales ,No
206,206,1,,3,3.0,9,,0,8,1996,Unknown,Si
207,207,1,9.0,5,3.0,9,,0,8,1990,Unknown,Si
208,208,0,31.0,3,3.0,9,,0,0,1971, manufacturing director  -  research & development ,No
209,209,1,10.0,3,3.0,10,,5,3,1991,Unknown,Si
210,210,1,,2,2.0,16,,4,11,1987,Unknown,No
211,211,1,,2,2.0,9,,0,0,1992, sales executive  -  sales ,No
212,212,0,,6,3.0,11,,3,9,1987,Unknown,Si
213,213,1,26.0,2,,9,,7,8,1971,Unknown,Si
214,214,0,10.0,2,3.0,10,,6,0,1990,Unknown,No
215,215,1,9.0,2,3.0,9,,0,8,1978,Unknown,Si
216,216,0,15.0,2,2.0,14,,7,8,1987, manufacturing director  -  research & development ,Si
217,217,1,22.0,3,3.0,9,,2,3,1974,Unknown,No
218,218,1,11.0,3,1.0,11,,3,10,1994,Unknown,Si
219,219,1,,5,3.0,10,,0,8,1994,Unknown,No
220,220,1,14.0,2,2.0,14,,3,11,1986, manufacturing director  -  research & development ,Si
221,221,2,,3,3.0,9,,0,8,1990,Unknown,Si
222,222,2,15.0,2,4.0,11,,5,10,1989,Unknown,Si
223,223,3,10.0,6,3.0,9,,7,5,1995,Unknown,Si
224,224,1,10.0,5,2.0,10,,9,6,1992,Unknown,Si
225,225,0,21.0,3,2.0,20,,2,10,1981,Unknown,No
226,226,0,9.0,4,3.0,9,,8,8,1983,Unknown,Si
227,227,0,,6,4.0,10,,9,6,1989,Unknown,Si
228,228,1,,3,3.0,9,,1,5,1965,Unknown,No
229,229,0,,2,3.0,10,,4,7,1992,Unknown,Si
230,230,1,16.0,5,3.0,9,,4,8,1983,Unknown,Si
231,231,0,35.0,2,2.0,9,,8,8,1970,Unknown,Si
232,232,2,16.0,3,2.0,14,,6,9,1989, research director  -  research & development ,Si
233,233,0,,3,1.0,11,,3,3,1988,Unknown,Si
234,234,0,,2,3.0,10,,3,7,1986,Unknown,Si
235,235,1,24.0,3,1.0,20,,13,9,1981,Unknown,Si
236,236,3,,4,3.0,10,,7,7,1978,Unknown,Si
237,237,1,,4,3.0,10,,6,7,1993,Unknown,Si
238,238,1,10.0,3,3.0,9,,7,7,1985,Unknown,Si
239,239,1,32.0,3,3.0,30,,12,13,1973,Unknown,No
240,240,1,,3,,10,,0,7,1984,Unknown,Si
241,241,1,11.0,2,3.0,11,,7,9,1989,Unknown,Si
242,242,1,36.0,6,3.0,10,,4,7,1969, manager  -  research & development ,Si
243,243,0,,3,3.0,10,,8,7,1982,Unknown,No
244,244,1,,2,3.0,9,,5,8,1984,Unknown,Si
245,245,0,,3,2.0,21,,12,8,1983,Unknown,No
246,246,2,11.0,2,2.0,9,,1,7,1990,Unknown,Si
247,247,1,15.0,1,3.0,12,,5,7,1987,Unknown,No
248,248,1,14.0,1,3.0,10,,7,6,1990,Unknown,Si
249,249,2,10.0,5,3.0,10,,4,8,1989,Unknown,No
250,250,0,,3,4.0,11,,3,10,1994, laboratory technician  -  research & development ,No
251,251,1,12.0,4,2.0,9,,4,7,1977,Unknown,Si
252,252,1,,5,3.0,9,,5,8,1996,Unknown,No
253,253,1,10.0,2,3.0,10,,0,2,1992,Unknown,No
254,254,2,10.0,2,2.0,9,,3,8,1978, manufacturing director  -  research & development ,Si
255,255,0,14.0,3,2.0,14,,2,1,1989,Unknown,No
256,256,0,10.0,6,3.0,10,,8,7,1992, research scientist  -  research & development ,Si
257,257,0,10.0,2,3.0,10,,0,9,1988,Unknown,No
258,258,0,21.0,3,3.0,20,,11,10,1984,Unknown,No
259,259,1,,4,3.0,11,,5,10,1983,Unknown,Si
260,260,0,12.0,6,2.0,12,,1,7,1993,Unknown,No
261,261,2,14.0,3,1.0,13,,5,12,1976, research director  -  research & development ,Si
262,262,2,16.0,3,,9,,0,0,1971,Unknown,Si
263,263,1,10.0,3,3.0,10,,1,7,1974,Unknown,Si
264,264,0,,3,3.0,8,,3,0,1990,Unknown,Si
265,265,0,8.0,2,2.0,7,,3,6,1991,Unknown,Si
266,266,0,,2,3.0,9,,1,8,1985, manufacturing director  -  research & development ,Si
267,267,2,17.0,3,2.0,7,,7,7,1987, healthcare representative  -  research & development ,Si
268,268,1,10.0,2,3.0,9,,4,2,1981,Unknown,No
269,269,1,,3,2.0,7,,1,7,1992, laboratory technician  -  research & development ,No
270,270,0,11.0,2,3.0,11,,1,8,1992,Unknown,No
271,271,0,11.0,2,1.0,10,,1,0,1972,Unknown,Si
272,272,0,9.0,3,,9,,0,6,1989,Unknown,Si
273,273,1,10.0,6,3.0,9,,2,8,1987,Unknown,No
274,274,3,,2,2.0,10,,0,9,1993,Unknown,No
275,275,1,,2,4.0,7,7.0,0,7,1990,Unknown,Si
276,276,0,,3,2.0,7,,7,7,1992,Unknown,No
277,277,1,,2,3.0,9,,0,7,1982,Unknown,No
278,278,1,8.0,3,3.0,8,,5,7,1997,Unknown,Si
279,279,3,,2,4.0,8,,0,7,1991,Unknown,Si
280,280,1,20.0,2,3.0,20,,2,13,1983,Unknown,No
281,281,1,13.0,3,1.0,7,,4,5,1970, sales representative  -  sales ,Si
282,282,1,10.0,1,3.0,10,,0,9,1994, manufacturing director  -  research & development ,No
283,283,0,13.0,3,2.0,8,,7,2,1987, laboratory technician  -  research & development ,Si
284,284,1,8.0,5,3.0,8,,1,6,1990, research scientist  -  research & development ,Si
285,285,0,,6,3.0,7,,1,0,1972,Unknown,No
286,286,0,,2,2.0,7,,0,3,1996,Unknown,No
287,287,1,,3,2.0,8,,1,7,1986,Unknown,Si
288,288,1,9.0,3,1.0,7,,1,7,1985,Unknown,Si
289,289,2,7.0,0,3.0,7,,1,7,1974,Unknown,No
290,290,0,7.0,2,3.0,7,,0,7,1996,Unknown,No
291,291,0,23.0,2,3.0,19,,12,8,1978, sales executive  -  sales ,Si
292,292,0,10.0,3,4.0,10,,0,8,1988,Unknown,Si
293,293,0,13.0,3,4.0,9,,1,7,1990,Unknown,Si
294,294,0,33.0,2,4.0,33,,15,12,1971,Unknown,Si
295,295,1,,5,3.0,21,,3,9,1983, research director  -  research & development ,Si
296,296,1,13.0,0,3.0,8,,7,5,1985, sales executive  -  sales ,Si
297,297,1,28.0,2,2.0,7,,7,7,1977,Unknown,No
298,298,0,21.0,2,3.0,20,,4,10,1978,Unknown,Si
299,299,1,,2,2.0,10,,9,9,1976,Unknown,Si
300,300,1,10.0,6,2.0,7,,6,2,1988,Unknown,No
301,301,0,,3,,10,,0,9,1994,Unknown,Si
302,302,1,12.0,4,3.0,10,,0,8,1968, laboratory technician  -  research & development ,Si
303,303,0,,0,,8,,7,4,1997,Unknown,Si
304,304,1,10.0,3,2.0,8,,7,7,1992,Unknown,Si
305,305,0,,5,3.0,8,,1,7,1980,Unknown,Si
306,306,3,13.0,3,3.0,7,,1,7,1992,Unknown,Si
307,307,0,,0,2.0,7,,0,7,1991,Unknown,Si
308,308,0,,6,2.0,7,,0,1,1990,Unknown,No
309,309,1,9.0,3,4.0,9,,0,0,1980, laboratory technician  -  research & development ,No
310,310,0,7.0,4,2.0,7,,0,7,1994,Unknown,No
311,311,1,8.0,3,3.0,8,,0,7,1996, sales executive  -  sales ,No
312,312,2,7.0,2,3.0,7,,1,7,1994,Unknown,No
313,313,2,13.0,2,3.0,7,,6,7,1986,Unknown,No
314,314,1,,3,3.0,8,,7,7,1997,Unknown,Si
315,315,1,,3,3.0,7,,1,7,1983,Unknown,Si
316,316,0,8.0,5,3.0,8,,7,7,1982,Unknown,No
317,317,1,18.0,2,2.0,7,,0,7,1972,Unknown,Si
318,318,1,,2,2.0,18,,12,17,1986,Unknown,No
319,319,3,36.0,0,2.0,7,,7,7,1967,Unknown,Si
320,320,1,10.0,2,3.0,10,,0,7,1982, sales executive  -  sales ,Si
321,321,1,19.0,5,2.0,10,,0,8,1977,Unknown,No
322,322,0,12.0,2,2.0,11,,6,7,1993,Unknown,No
323,323,0,10.0,2,3.0,8,,0,0,1988,Unknown,No
324,324,1,14.0,2,3.0,9,,6,7,1975,Unknown,Si
325,325,1,,3,4.0,8,,3,7,1978,Unknown,Si
326,326,1,8.0,2,,7,,1,0,1997,Unknown,Si
327,327,0,10.0,3,3.0,8,,0,7,1982,Unknown,Si
328,328,0,10.0,3,3.0,10,,5,7,1989,Unknown,Si
329,329,2,13.0,4,4.0,7,,5,7,1992,Unknown,Si
330,330,1,10.0,3,3.0,8,,4,7,1980,Unknown,No
331,331,0,18.0,2,4.0,14,,8,10,1970, sales executive  -  sales ,No
332,332,1,,2,3.0,10,,7,8,1986,Unknown,Si
333,333,1,16.0,1,4.0,9,,7,1,1969,Unknown,Si
334,334,0,,2,3.0,7,,0,5,1985, sales executive  -  sales ,Si
335,335,1,10.0,5,3.0,10,,2,8,1994, research scientist  -  research & development ,Si
336,336,0,9.0,3,4.0,8,,7,7,1989,Unknown,No
337,337,0,20.0,4,3.0,20,7.0,11,10,1984,Unknown,No
338,338,0,10.0,2,2.0,10,,0,8,1991,Unknown,Si
339,339,0,10.0,4,,9,,1,8,1985,Unknown,Si
340,340,0,9.0,3,3.0,9,,0,7,1996,Unknown,No
341,341,0,10.0,6,3.0,7,,7,7,1991,Unknown,No
342,342,0,20.0,2,3.0,7,,1,7,1976,Unknown,No
343,343,2,9.0,4,2.0,9,,1,7,1996,Unknown,Si
344,344,1,22.0,3,3.0,22,,2,10,1982,Unknown,No
345,345,0,10.0,4,3.0,7,,3,7,1995, research scientist  -  research & development ,Si
346,346,1,10.0,2,3.0,8,,0,5,1987, research director  -  research & development ,No
347,347,1,10.0,2,2.0,8,,7,7,1993,Unknown,Si
348,348,0,30.0,1,2.0,10,,1,1,1967,Unknown,No
349,349,0,9.0,3,3.0,8,,3,1,1978,Unknown,Si
350,350,0,10.0,1,3.0,10,,0,9,1987,Unknown,No
351,351,1,11.0,3,2.0,8,,1,1,1994,Unknown,Si
352,352,0,17.0,2,3.0,15,,4,12,1985,Unknown,Si
353,353,1,8.0,2,3.0,8,,3,7,1983,Unknown,Si
354,354,1,24.0,4,2.0,24,,14,9,1981,Unknown,Si
355,355,1,,2,3.0,9,,0,5,1987,Unknown,No
356,356,1,10.0,3,3.0,10,,0,7,1994,Unknown,Si
357,357,0,,3,2.0,9,,7,3,1968,Unknown,No
358,358,0,8.0,2,3.0,8,,7,5,1995, sales executive  -  sales ,Si
359,359,1,8.0,2,3.0,8,,1,7,1997,Unknown,Si
360,360,0,8.0,0,3.0,8,,7,1,1979,Unknown,Si
361,361,1,,1,2.0,7,,1,0,1982, laboratory technician  -  research & development ,Si
362,362,0,,2,4.0,7,,5,2,1992,Unknown,No
363,363,0,,2,3.0,7,,0,7,1997, sales executive  -  sales ,Si
364,364,2,10.0,2,1.0,9,,8,5,1992,Unknown,No
365,365,1,8.0,2,4.0,8,,6,3,1991,Unknown,No
366,366,1,,6,3.0,16,,3,7,1987,Unknown,No
367,367,0,,5,2.0,9,,0,8,1978,Unknown,Si
368,368,0,9.0,3,3.0,8,,0,7,1984,Unknown,No
369,369,2,12.0,3,3.0,7,,0,7,1987,Unknown,Si
370,370,1,,3,3.0,8,,0,7,1977,Unknown,No
371,371,1,22.0,2,3.0,10,,0,8,1969,Unknown,Si
372,372,3,,4,2.0,8,,1,7,1993,Unknown,Si
373,373,0,,2,3.0,8,,1,3,1997,Unknown,No
374,374,2,,3,3.0,8,,6,7,1968,Unknown,Si
375,375,1,,3,3.0,18,,0,13,1973, sales executive  -  sales ,Si
376,376,0,10.0,2,3.0,8,,7,7,1991,Unknown,Si
377,377,1,30.0,2,,15,,6,12,1970,Unknown,Si
378,378,1,8.0,3,2.0,7,,7,5,1983,Unknown,No
379,379,0,,3,4.0,9,,6,2,1968,Unknown,Si
380,380,0,10.0,2,2.0,10,,1,9,1995,Unknown,No
381,381,0,,4,4.0,8,,1,7,1995,Unknown,Si
382,382,0,9.0,2,3.0,8,,4,7,1988,Unknown,Si
383,383,0,14.0,4,3.0,13,,3,8,1990, research scientist  -  research & development ,Si
384,384,1,7.0,3,4.0,7,,5,6,1998, laboratory technician  -  research & development ,Si
385,385,2,9.0,2,,8,,2,7,1985, sales executive  -  sales ,Si
386,386,3,,3,2.0,9,,1,7,1995,Unknown,Si
387,387,1,18.0,1,3.0,8,,0,1,1980,Unknown,No
388,388,3,21.0,4,3.0,18,,11,5,1984, healthcare representative  -  research & development ,No
389,389,0,,2,,20,,4,9,1983,Unknown,Si
390,390,1,10.0,2,2.0,10,,1,2,1994,Unknown,Si
391,391,0,20.0,3,2.0,18,,2,13,1983,Unknown,No
392,392,1,8.0,2,3.0,8,,0,7,1997,Unknown,Si
393,393,1,15.0,2,4.0,7,,6,4,1988,Unknown,Si
394,394,1,26.0,6,3.0,7,,4,7,1970, manager  -  research & development ,No
395,395,3,15.0,2,3.0,7,,1,7,1988,Unknown,Si
396,396,1,,3,2.0,10,,0,1,1990,Unknown,Si
397,397,1,,4,3.0,7,,1,7,1987, laboratory technician  -  research & development ,Si
398,398,3,,4,2.0,10,,8,9,1993,Unknown,Si
399,399,1,12.0,3,3.0,11,,1,9,1963,Unknown,Si
400,400,0,10.0,2,3.0,8,,0,7,1991,Unknown,No
401,401,1,17.0,2,3.0,7,,7,7,1987,Unknown,Si
402,402,2,,3,2.0,9,,6,8,1996,Unknown,Si
403,403,1,,2,3.0,8,,0,7,1980, research director  -  research & development ,Si
404,404,2,9.0,2,2.0,7,,1,7,1994,Unknown,Si
405,405,0,,6,2.0,9,,5,4,1964,Unknown,No
406,406,0,23.0,3,4.0,21,,15,17,1980,Unknown,Si
407,407,1,,2,3.0,10,,0,5,1979,Unknown,Si
408,408,2,10.0,2,3.0,7,,7,7,1994, laboratory technician  -  research & development ,Si
409,409,2,,4,4.0,10,,0,8,1991,Unknown,No
410,410,0,,0,3.0,7,,1,7,1987,Unknown,Si
411,411,0,,2,2.0,8,,7,7,1971, sales executive  -  sales ,Si
412,412,0,,6,,8,,1,7,1984,Unknown,Si
413,413,1,10.0,0,2.0,9,,1,6,1989,Unknown,Si
414,414,1,11.0,3,3.0,7,,1,7,1985,Unknown,Si
415,415,1,,2,2.0,15,,6,13,1987, sales executive  -  sales ,Si
416,416,1,10.0,0,3.0,9,,0,0,1988,Unknown,No
417,417,0,,2,2.0,19,,3,8,1968,Unknown,Si
418,418,2,10.0,1,3.0,8,,7,7,1989,Unknown,No
419,419,0,20.0,3,1.0,20,,1,8,1980,Unknown,No
420,420,1,21.0,5,3.0,20,,0,9,1981,Unknown,No
421,421,0,8.0,2,3.0,7,,0,7,1997,Unknown,Si
422,422,0,,1,3.0,8,,7,7,1994,Unknown,Si
423,423,0,29.0,3,2.0,20,,12,7,1969, research director  -  research & development ,No
424,424,2,31.0,4,4.0,7,,0,0,1968,Unknown,Si
425,425,2,11.0,2,,8,,0,7,1983,Unknown,Si
426,426,1,13.0,5,3.0,13,,9,9,1992,Unknown,Si
427,427,1,28.0,1,4.0,7,,4,3,1977,Unknown,Si
428,428,1,,2,3.0,7,,0,7,1978,Unknown,No
429,429,2,29.0,3,3.0,8,,0,7,1974,Unknown,No
430,430,2,10.0,3,3.0,10,,0,4,1994,Unknown,Si
431,431,0,,2,1.0,9,,0,7,1994,Unknown,Si
432,432,1,9.0,3,3.0,7,,0,7,1994,Unknown,Si
433,433,0,21.0,2,3.0,21,,7,7,1983, manager  -  human resources ,Si
434,434,1,18.0,2,,8,,7,7,1975, sales executive  -  sales ,Si
435,435,1,,4,3.0,33,,1,9,1970,Unknown,Si
436,436,1,,4,2.0,22,,1,10,1979,Unknown,No
437,437,0,10.0,3,3.0,10,,1,4,1978,Unknown,No
438,438,1,10.0,2,,10,,4,5,1978,Unknown,No
439,439,1,9.0,3,,9,,7,2,1989,Unknown,Si
440,440,3,,3,3.0,7,,7,7,1984, manufacturing director  -  research & development ,No
441,441,2,7.0,3,3.0,7,,0,7,1996, laboratory technician  -  research & development ,Si
442,442,2,10.0,3,3.0,10,,3,9,1978,Unknown,Si
443,443,0,14.0,3,3.0,10,,0,2,1979,Unknown,Si
444,444,2,7.0,6,3.0,7,,0,7,1998,Unknown,No
445,445,0,23.0,2,3.0,8,,0,0,1974,Unknown,Si
446,446,2,19.0,3,3.0,9,,7,7,1975,Unknown,No
447,447,0,7.0,5,3.0,7,,5,7,1997,Unknown,Si
448,448,1,,2,3.0,8,,6,7,1979,Unknown,Si
449,449,0,17.0,2,2.0,13,,6,7,1987,Unknown,Si
450,450,0,19.0,3,3.0,10,,0,9,1977, healthcare representative  -  research & development ,Si
451,451,1,17.0,3,3.0,7,,0,7,1988,Unknown,Si
452,452,0,10.0,2,,9,,0,7,1993,Unknown,No
453,453,1,,2,3.0,7,,1,7,1993,Unknown,Si
454,454,0,13.0,2,2.0,11,,1,7,1990,Unknown,Si
455,455,0,12.0,3,3.0,7,,0,7,1991,Unknown,Si
456,456,0,,5,3.0,9,,1,8,1980,Unknown,No
457,457,2,,3,3.0,12,,5,7,1992,Unknown,Si
458,458,0,,2,3.0,10,,7,7,1988,Unknown,No
459,459,1,15.0,6,3.0,7,,1,7,1988, manufacturing director  -  research & development ,No
460,460,0,9.0,3,3.0,7,,0,2,1993,Unknown,No
461,461,1,13.0,2,4.0,9,7.0,3,7,1977,Unknown,No
462,462,2,10.0,3,4.0,8,,5,7,1978,Unknown,No
463,463,1,7.0,5,3.0,7,,7,7,1980,Unknown,No
464,464,3,14.0,2,3.0,8,,0,7,1977,Unknown,Si
465,465,1,22.0,3,,19,,11,16,1983, manager  -  research & development ,Si
466,466,0,9.0,5,2.0,8,,0,7,1996, sales executive  -  sales ,No
467,467,1,18.0,3,4.0,13,,5,7,1981,Unknown,Si
468,468,1,8.0,3,3.0,7,,7,7,1997,Unknown,Si
469,469,1,7.0,2,3.0,7,,0,7,1995,Unknown,Si
470,470,1,,4,4.0,8,,1,7,1976,Unknown,No
471,471,1,9.0,2,2.0,8,,1,1,1989,Unknown,Si
472,472,0,8.0,6,,7,,7,6,1997, laboratory technician  -  research & development ,Si
473,473,0,,5,,7,,0,7,1996,Unknown,No
474,474,0,10.0,4,3.0,10,,0,8,1992, sales executive  -  sales ,Si
475,475,3,9.0,2,3.0,9,,2,8,1990,Unknown,Si
476,476,1,13.0,2,4.0,11,,4,8,1992,Unknown,Si
477,477,0,10.0,5,3.0,10,,0,8,1988,Unknown,Si
478,478,1,,6,3.0,9,,8,1,1990,Unknown,Si
479,479,0,,2,3.0,7,,1,7,1984,Unknown,No
480,480,2,10.0,2,3.0,9,,3,4,1987,Unknown,Si
481,481,1,21.0,3,3.0,20,,0,10,1982,Unknown,Si
482,482,2,8.0,2,3.0,8,,1,7,1989, sales executive  -  sales ,No
483,483,1,10.0,1,3.0,10,,1,9,1985,Unknown,Si
484,484,1,,5,3.0,7,,1,7,1984,Unknown,Si
485,485,0,,4,3.0,12,6.0,2,11,1989,Unknown,No
486,486,1,24.0,4,3.0,22,,5,17,1979,Unknown,Si
487,487,0,14.0,4,3.0,9,,0,8,1977,Unknown,Si
488,488,1,,2,2.0,7,,7,7,1982, manager  -  research & development ,No
489,489,0,20.0,1,3.0,19,,11,8,1984, healthcare representative  -  research & development ,No
490,490,1,10.0,4,3.0,9,,7,8,1981,Unknown,Si
491,491,2,12.0,2,3.0,10,,8,8,1990, manager  -  research & development ,Si
492,492,0,17.0,5,3.0,16,,0,13,1988,Unknown,Si
493,493,0,15.0,2,4.0,7,,7,7,1990,Unknown,Si
494,494,0,22.0,3,3.0,20,,5,13,1983,Unknown,No
495,495,3,23.0,2,2.0,21,,12,6,1982,Unknown,No
496,496,0,,2,1.0,7,,0,7,1996,Unknown,No
497,497,0,,3,4.0,34,,1,16,1971,Unknown,Si
498,498,1,,2,2.0,20,,4,17,1972,Unknown,No
499,499,1,8.0,2,3.0,7,,7,7,1976,Unknown,Si
500,500,1,31.0,3,3.0,31,,14,7,1973, manager  -  research & development ,No
501,501,1,10.0,2,1.0,10,,0,7,1988, healthcare representative  -  research & development ,Si
502,502,1,,3,3.0,21,,11,8,1984,Unknown,Si
503,503,0,,2,3.0,21,,2,8,1984,Unknown,No
504,504,0,,3,3.0,10,,0,8,1982,Unknown,No
505,505,1,24.0,1,3.0,20,,3,6,1979, human resources  -  human resources ,Si
506,506,1,23.0,3,3.0,22,,13,7,1981,Unknown,No
507,507,0,18.0,4,,8,,4,0,1971,Unknown,Si
508,508,1,7.0,2,4.0,7,,5,0,1985,Unknown,Si
509,509,0,10.0,3,4.0,7,,5,7,1977, human resources  -  human resources ,Si
510,510,0,,3,3.0,9,,1,1,1988,Unknown,No
511,511,2,8.0,2,2.0,8,,1,7,1995, manufacturing director  -  research & development ,Si
512,512,1,,1,4.0,20,,14,17,1979,Unknown,Si
513,513,0,,2,3.0,32,,13,9,1973,Unknown,No
514,514,1,36.0,3,3.0,36,,2,13,1968,Unknown,Si
515,515,1,11.0,3,3.0,7,,7,6,1984, sales executive  -  sales ,Si
516,516,1,10.0,3,2.0,9,,1,4,1974, laboratory technician  -  research & development ,Si
517,517,0,21.0,2,3.0,21,6.0,8,6,1978,Unknown,No
518,518,1,,5,2.0,10,,0,3,1977,Unknown,No
519,519,1,,2,,7,,7,3,1996,Unknown,No
520,520,0,24.0,2,2.0,22,,4,14,1981,Unknown,Si
521,521,0,17.0,3,2.0,9,,0,8,1974, sales executive  -  sales ,Si
522,522,0,10.0,3,3.0,9,,0,8,1994,Unknown,Si
523,523,0,,2,3.0,9,,8,7,1989,Unknown,No
524,524,1,,2,,7,,0,7,1986,Unknown,No
525,525,0,6.0,3,3.0,6,,0,3,1987,Unknown,Si
526,526,0,9.0,2,2.0,6,,0,3,1978,Unknown,Si
527,527,0,6.0,1,3.0,6,,1,5,1994,Unknown,No
528,528,1,6.0,6,1.0,6,,1,4,1997,Unknown,No
529,529,0,,1,3.0,7,,0,7,1995,Unknown,Si
530,530,3,7.0,4,4.0,6,,0,4,1981,Unknown,Si
531,531,0,10.0,2,4.0,6,,0,5,1992, sales executive  -  sales ,Si
532,532,0,,3,4.0,6,,1,2,1986,Unknown,Si
533,533,1,9.0,6,3.0,9,,7,7,1986,Unknown,No
534,534,1,8.0,2,2.0,6,,4,3,1986,Unknown,No
535,535,2,,3,3.0,6,,1,4,1999,Unknown,Si
536,536,1,,2,3.0,32,,10,7,1973,Unknown,No
537,537,1,6.0,3,3.0,6,,1,3,1989,Unknown,Si
538,538,2,,3,3.0,6,,0,4,1996,Unknown,No
539,539,0,6.0,5,2.0,6,,1,4,1998, sales executive  -  sales ,No
540,540,0,6.0,5,3.0,6,,1,4,1989, sales executive  -  sales ,Si
541,541,0,6.0,3,3.0,6,,1,3,1989, research scientist  -  research & development ,Si
542,542,0,17.0,3,4.0,8,,1,6,1988,Unknown,No
543,543,0,6.0,3,2.0,6,,1,1,1988,Unknown,No
544,544,1,,2,3.0,6,,1,2,1990, healthcare representative  -  research & development ,Si
545,545,1,11.0,1,3.0,7,,1,7,1994,Unknown,No
546,546,2,8.0,2,2.0,7,,1,1,1994, research scientist  -  research & development ,Si
547,547,0,,3,2.0,6,,1,3,1989,Unknown,No
548,548,3,6.0,2,3.0,6,,3,3,1995,Unknown,No
549,549,1,10.0,5,3.0,10,,7,7,1979,Unknown,No
550,550,0,6.0,2,2.0,6,,0,1,1992, healthcare representative  -  research & development ,No
551,551,0,,2,2.0,8,,2,2,1997, research scientist  -  research & development ,No
552,552,1,17.0,2,2.0,6,,1,2,1976,Unknown,Si
553,553,0,7.0,2,1.0,6,,1,3,1986, laboratory technician  -  research & development ,No
554,554,1,9.0,3,2.0,6,,1,2,1991,Unknown,Si
555,555,2,10.0,4,2.0,9,,1,6,1991,Unknown,Si
556,556,1,7.0,2,3.0,6,,1,2,1990,Unknown,No
557,557,0,25.0,3,1.0,23,,14,10,1976, sales executive  -  sales ,Si
558,558,0,8.0,0,1.0,6,,0,5,1982,Unknown,No
559,559,1,6.0,5,3.0,5,,0,3,1988, laboratory technician  -  research & development ,No
560,560,1,,3,3.0,5,,0,4,1994,Unknown,No
561,561,2,10.0,3,3.0,10,,0,9,1991,Unknown,Si
562,562,0,6.0,3,3.0,6,,0,4,1988,Unknown,No
563,563,0,37.0,3,2.0,6,,0,2,1967,Unknown,Si
564,564,0,5.0,3,4.0,5,,0,4,1995,Unknown,Si
565,565,0,,1,3.0,6,,0,3,1998,Unknown,Si
566,566,3,7.0,2,3.0,5,,4,3,1967,Unknown,Si
567,567,0,5.0,3,2.0,5,,4,3,1997, research scientist  -  research & development ,No
568,568,0,,2,4.0,5,,0,4,1991,Unknown,No
569,569,0,,4,2.0,5,,0,4,1993,Unknown,Si
570,570,0,,5,3.0,5,,4,4,1973,Unknown,No
571,571,0,8.0,2,,5,,1,4,1991,Unknown,No
572,572,1,9.0,3,4.0,5,,0,3,1978,Unknown,No
573,573,3,7.0,3,4.0,5,,2,2,1980,Unknown,Si
574,574,3,10.0,3,2.0,10,,1,9,1994,Unknown,Si
575,575,1,6.0,2,3.0,5,,1,4,1992, manufacturing director  -  research & development ,Si
576,576,1,8.0,2,1.0,5,,0,4,1990,Unknown,No
577,577,0,,2,4.0,5,,1,4,1992,Unknown,Si
578,578,1,,5,4.0,5,,0,1,1986,Unknown,Si
579,579,2,28.0,4,2.0,10,,1,6,1973, research director  -  research & development ,No
580,580,1,,2,,20,,4,8,1981,Unknown,Si
581,581,0,5.0,3,3.0,5,,0,4,1996,Unknown,Si
582,582,1,,0,,5,,1,4,1996,Unknown,Si
583,583,0,,3,3.0,5,,1,2,1982,Unknown,Si
584,584,1,,3,3.0,5,4.0,0,3,1986,Unknown,Si
585,585,2,8.0,6,3.0,6,,1,0,1983,Unknown,Si
586,586,0,,2,3.0,5,,1,2,1968,Unknown,No
587,587,0,,2,3.0,6,,0,4,1997,Unknown,Si
588,588,2,,5,3.0,5,,1,3,1983,Unknown,Si
589,589,0,5.0,3,3.0,5,,1,3,1998, sales executive  -  sales ,No
590,590,0,,6,3.0,5,,4,4,1993,Unknown,Si
591,591,0,,4,3.0,5,,0,4,1971,Unknown,No
592,592,1,19.0,3,3.0,5,,0,2,1981,Unknown,No
593,593,0,11.0,2,3.0,5,,0,2,1993,Unknown,Si
594,594,0,,2,3.0,5,,4,3,1988,Unknown,No
595,595,1,10.0,3,2.0,5,,0,1,1992,Unknown,Si
596,596,0,5.0,3,3.0,5,,0,3,1988, sales executive  -  sales ,Si
597,597,0,7.0,1,3.0,7,,0,6,1998,Unknown,Si
598,598,1,6.0,2,,6,,0,5,1991,Unknown,No
599,599,0,8.0,2,3.0,5,,1,3,1976,Unknown,No
600,600,1,10.0,3,2.0,5,,0,3,1993,Unknown,Si
601,601,1,18.0,2,3.0,5,,0,2,1978,Unknown,No
602,602,0,,3,3.0,5,,0,3,1987,Unknown,Si
603,603,1,,2,3.0,6,,0,2,1992,Unknown,Si
604,604,1,,3,3.0,5,4.0,0,0,1986,Unknown,No
605,605,2,13.0,2,3.0,5,,0,4,1984,Unknown,No
606,606,0,,6,3.0,5,,0,3,1981,Unknown,Si
607,607,1,,2,4.0,8,,7,7,1993,Unknown,No
608,608,1,32.0,1,2.0,5,,1,3,1973,Unknown,Si
609,609,1,14.0,1,1.0,6,,0,4,1964, manager  -  sales ,Si
610,610,1,13.0,4,3.0,9,,7,0,1969,Unknown,Si
611,611,1,18.0,4,3.0,5,,0,3,1967,Unknown,No
612,612,0,,3,2.0,5,,2,1,1975,Unknown,Si
613,613,0,9.0,2,2.0,5,,0,3,1984, laboratory technician  -  research & development ,No
614,614,0,6.0,2,1.0,5,,1,4,1988,Unknown,Si
615,615,0,,3,,6,,1,5,1981, sales executive  -  sales ,No
616,616,0,6.0,4,3.0,6,,0,2,1979,Unknown,No
617,617,1,6.0,2,2.0,5,,1,3,1994,Unknown,No
618,618,1,5.0,2,3.0,5,,1,4,1990,Unknown,Si
619,619,1,33.0,2,1.0,5,,1,4,1969,Unknown,No
620,620,1,,2,3.0,11,,0,8,1977, manager  -  sales ,Si
621,621,0,10.0,3,3.0,8,4.0,1,7,1993,Unknown,Si
622,622,1,,3,3.0,10,,1,1,1991,Unknown,Si
623,623,0,9.0,2,3.0,5,,1,0,1983,Unknown,Si
624,624,3,5.0,2,3.0,5,,0,0,1989,Unknown,Si
625,625,2,8.0,2,4.0,5,,1,4,1984, sales executive  -  sales ,No
626,626,0,8.0,2,3.0,6,,1,3,1986,Unknown,No
627,627,0,8.0,2,4.0,5,,1,2,1990, sales executive  -  sales ,Si
628,628,1,13.0,2,3.0,6,,0,5,1984, healthcare representative  -  research & development ,No
629,629,0,12.0,2,1.0,5,,0,4,1971,Unknown,Si
630,630,0,15.0,3,3.0,5,,0,1,1987,Unknown,Si
631,631,0,10.0,2,2.0,10,,1,8,1987,Unknown,Si
632,632,2,,3,3.0,5,,0,3,1999,Unknown,Si
633,633,1,7.0,2,2.0,5,,0,2,1989,Unknown,No
634,634,0,,4,3.0,5,,1,3,1995, sales executive  -  sales ,Si
635,635,0,8.0,5,3.0,5,,0,2,1990, laboratory technician  -  research & development ,Si
636,636,1,,4,2.0,5,,1,2,1976,Unknown,Si
637,637,0,15.0,3,1.0,5,,1,0,1983,Unknown,No
638,638,1,,3,3.0,5,,0,3,1978,Unknown,Si
639,639,0,,5,4.0,8,,7,1,1983,Unknown,Si
640,640,1,6.0,0,4.0,6,,1,3,1994,Unknown,Si
641,641,1,5.0,2,3.0,5,,1,2,1983,Unknown,Si
642,642,1,,0,,6,,0,2,1980,Unknown,No
643,643,1,6.0,3,2.0,6,,1,1,1993,Unknown,Si
644,644,1,10.0,6,4.0,5,,0,2,1985, manufacturing director  -  research & development ,Si
645,645,1,8.0,2,1.0,8,,7,7,1986, research scientist  -  research & development ,No
646,646,0,,3,3.0,5,,1,0,1984,Unknown,Si
647,647,1,13.0,3,3.0,5,,0,4,1987, healthcare representative  -  research & development ,Si
648,648,0,5.0,2,3.0,5,,1,2,2000,Unknown,Si
649,649,0,6.0,2,4.0,5,,1,4,1988,Unknown,Si
650,650,0,9.0,3,2.0,5,,1,4,1992,Unknown,Si
651,651,1,5.0,3,3.0,5,,0,4,1985, laboratory technician  -  research & development ,Si
652,652,1,6.0,2,4.0,5,,0,3,1988,Unknown,Si
653,653,1,15.0,3,3.0,7,,7,7,1983,Unknown,Si
654,654,0,6.0,3,2.0,5,,0,2,1996, laboratory technician  -  research & development ,Si
655,655,1,14.0,3,3.0,5,,1,4,1982,Unknown,Si
656,656,0,,2,2.0,10,,0,9,1990,Unknown,No
657,657,0,28.0,3,3.0,5,,4,3,1974,Unknown,No
658,658,0,5.0,3,3.0,5,,0,2,1987,Unknown,Si
659,659,1,14.0,5,3.0,5,,0,4,1982,Unknown,No
660,660,0,5.0,3,1.0,5,,0,4,1994,Unknown,Si
661,661,0,10.0,2,3.0,9,,1,7,1992,Unknown,Si
662,662,0,,4,,5,,0,3,1987,Unknown,No
663,663,2,6.0,3,2.0,5,,1,4,1980,Unknown,No
664,664,2,,3,3.0,5,,1,3,1990,Unknown,No
665,665,1,9.0,2,2.0,4,,1,3,1979, sales executive  -  sales ,No
666,666,0,10.0,2,3.0,10,,9,9,1985,Unknown,Si
667,667,1,,2,2.0,27,,13,8,1973,Unknown,No
668,668,0,20.0,2,2.0,4,,1,3,1964,Unknown,No
669,669,1,22.0,3,2.0,22,,11,11,1983,Unknown,No
670,670,1,16.0,5,1.0,4,,0,3,1969,Unknown,No
671,671,0,28.0,1,2.0,8,,0,7,1973,Unknown,Si
672,672,0,,3,3.0,5,,4,4,1969,Unknown,Si
673,673,1,,2,3.0,5,,1,2,1999,Unknown,Si
674,674,0,,3,3.0,5,,1,3,1986,Unknown,Si
675,675,0,6.0,3,3.0,5,,1,2,1993,Unknown,Si
676,676,1,,3,3.0,4,,1,2,1989,Unknown,No
677,677,1,12.0,2,1.0,5,,1,4,1966, healthcare representative  -  research & development ,Si
678,678,0,12.0,2,4.0,8,,0,7,1985,Unknown,No
679,679,0,4.0,5,2.0,4,,0,2,1982,Unknown,Si
680,680,1,11.0,5,3.0,5,,0,2,1981,Unknown,No
681,681,1,,4,4.0,5,,2,0,1989,Unknown,Si
682,682,0,9.0,5,2.0,6,,0,1,1993,Unknown,Si
683,683,0,4.0,3,,4,,0,1,1994,Unknown,Si
684,684,1,,5,3.0,4,,1,2,1991,Unknown,No
685,685,2,6.0,2,3.0,6,,1,5,1998,Unknown,Si
686,686,3,21.0,5,2.0,5,,1,3,1970,Unknown,Si
687,687,1,5.0,3,3.0,5,,3,3,1997, healthcare representative  -  research & development ,Si
688,688,0,,3,3.0,5,,0,2,1995,Unknown,Si
689,689,0,9.0,2,3.0,8,,0,7,1995,Unknown,Si
690,690,1,,2,3.0,5,,1,2,1965, healthcare representative  -  research & development ,Si
691,691,0,4.0,2,,4,,1,2,1996,Unknown,Si
692,692,0,20.0,4,2.0,4,,0,3,1969,Unknown,No
693,693,3,,2,2.0,4,,0,2,1983,Unknown,Si
694,694,1,,3,2.0,4,,0,2,1994,Unknown,Si
695,695,0,20.0,2,3.0,4,,1,3,1973,Unknown,No
696,696,0,6.0,4,3.0,5,,1,4,1999,Unknown,Si
697,697,1,9.0,3,1.0,5,,1,4,1993, laboratory technician  -  research & development ,No
698,698,1,14.0,3,3.0,7,,5,7,1989,Unknown,Si
699,699,3,8.0,2,3.0,4,,1,3,1990,Unknown,No
700,700,0,,3,2.0,10,,9,7,1987,Unknown,Si
701,701,0,,3,3.0,14,,1,10,1982, sales executive  -  sales ,Si
702,702,1,,3,3.0,8,,0,7,1984,Unknown,Si
703,703,2,,5,4.0,5,,1,4,1997,Unknown,Si
704,704,1,6.0,4,3.0,6,,1,2,1999, laboratory technician  -  research & development ,Si
705,705,2,6.0,5,2.0,5,,0,3,1996, research scientist  -  research & development ,Si
706,706,1,5.0,3,3.0,4,,0,2,1996,Unknown,Si
707,707,1,18.0,4,3.0,4,,1,3,1973, sales executive  -  sales ,No
708,708,1,5.0,2,4.0,4,,0,2,2000,Unknown,Si
709,709,1,,3,1.0,8,,3,6,1984,Unknown,No
710,710,1,,3,3.0,4,,1,2,1971,Unknown,Si
711,711,0,,2,2.0,4,,1,2,1997,Unknown,Si
712,712,2,,4,3.0,5,,1,4,1969,Unknown,Si
713,713,2,,3,2.0,5,,4,3,1986,Unknown,No
714,714,0,,3,3.0,4,,0,3,1973, research director  -  research & development ,No
715,715,1,8.0,4,3.0,4,,0,2,1981,Unknown,No
716,716,1,,3,2.0,4,,1,2,1985, healthcare representative  -  research & development ,No
717,717,0,,3,2.0,4,,0,1,1998,Unknown,No
718,718,1,9.0,3,2.0,5,,1,3,1991,Unknown,Si
719,719,0,5.0,3,3.0,5,,0,3,1998,Unknown,Si
720,720,1,17.0,1,2.0,5,,1,3,1981,Unknown,Si
721,721,1,,4,4.0,4,,0,3,1990,Unknown,No
722,722,3,8.0,5,3.0,4,,0,3,1994,Unknown,No
723,723,0,6.0,1,3.0,5,,1,3,1985,Unknown,Si
724,724,2,8.0,2,3.0,5,,0,2,1978, laboratory technician  -  research & development ,No
725,725,1,4.0,1,3.0,4,,0,3,1992,Unknown,No
726,726,1,4.0,3,2.0,4,,1,1,2001, laboratory technician  -  research & development ,Si
727,727,0,,4,3.0,5,,4,3,1964,Unknown,No
728,728,1,26.0,4,4.0,9,,1,1,1978, manager  -  sales ,No
729,729,0,,3,3.0,6,,0,4,1978,Unknown,Si
730,730,0,8.0,3,2.0,4,,0,1,1986,Unknown,Si
731,731,2,,5,3.0,5,,1,3,1997,Unknown,No
732,732,2,6.0,2,3.0,5,,1,3,1997,Unknown,Si
733,733,0,,2,1.0,5,,0,4,1995,Unknown,Si
734,734,0,6.0,2,3.0,4,,1,2,1999,Unknown,No
735,735,1,,3,3.0,10,,1,4,1993,Unknown,No
736,736,0,7.0,2,2.0,4,,1,3,1980,Unknown,Si
737,737,3,8.0,3,3.0,4,,0,3,1993,Unknown,No
738,738,1,,3,2.0,6,,1,4,1977,Unknown,Si
739,739,1,,3,4.0,4,,0,3,1981, human resources  -  human resources ,Si
740,740,0,5.0,4,3.0,4,,1,1,1998,Unknown,No
741,741,3,,2,,5,,0,3,1996,Unknown,Si
742,742,0,36.0,4,3.0,7,,7,7,1967,Unknown,No
743,743,1,,2,3.0,9,,1,7,1982, sales executive  -  sales ,Si
744,744,1,5.0,0,3.0,5,,0,4,1995,Unknown,Si
745,745,1,,3,2.0,5,,0,2,1971,Unknown,Si
746,746,0,5.0,2,3.0,4,,1,1,1997,Unknown,Si
747,747,0,20.0,2,,4,3.0,1,3,1974,Unknown,Si
748,748,2,10.0,2,3.0,4,,1,3,1989,Unknown,Si
749,749,1,7.0,3,,4,,0,3,1991,Unknown,Si
750,750,2,5.0,2,3.0,4,,0,3,1990,Unknown,No
751,751,0,7.0,4,1.0,5,,0,0,1994, sales executive  -  sales ,No
752,752,1,6.0,3,4.0,5,,1,3,1993,Unknown,No
753,753,0,5.0,2,3.0,4,,1,2,2000, laboratory technician  -  research & development ,No
754,754,0,5.0,2,3.0,5,,0,2,1990,Unknown,Si
755,755,2,6.0,5,3.0,5,,4,2,1988,Unknown,Si
756,756,0,10.0,2,3.0,6,,1,2,1985,Unknown,Si
757,757,1,6.0,5,2.0,5,,0,0,1995,Unknown,Si
758,758,3,,2,2.0,4,3.0,0,2,1986,Unknown,No
759,759,0,6.0,2,3.0,6,,1,3,1999, research scientist  -  research & development ,No
760,760,0,,4,3.0,4,,1,3,1987,Unknown,Si
761,761,0,4.0,3,3.0,4,,3,3,1985,Unknown,No
762,762,0,11.0,2,3.0,4,,1,2,1970,Unknown,No
763,763,2,6.0,2,2.0,6,,1,3,1986,Unknown,Si
764,764,1,5.0,1,3.0,5,,0,4,1999, research scientist  -  research & development ,Si
765,765,1,,2,3.0,5,,1,2,1994,Unknown,No
766,766,1,,2,1.0,4,,0,2,1991,Unknown,No
767,767,3,7.0,6,2.0,5,,0,4,1981,Unknown,Si
768,768,2,5.0,2,3.0,5,,0,4,1982,Unknown,Si
769,769,3,,2,2.0,5,,2,3,1979,Unknown,Si
770,770,1,5.0,6,4.0,5,,0,3,1995,Unknown,Si
771,771,0,,3,3.0,4,,2,2,1984, research director  -  research & development ,Si
772,772,1,7.0,5,2.0,4,,0,2,1983,Unknown,Si
773,773,0,10.0,4,,10,,0,8,1986,Unknown,Si
774,774,1,12.0,3,3.0,5,,0,3,1983,Unknown,Si
775,775,0,,4,3.0,5,,1,2,1997, sales executive  -  sales ,No
776,776,2,10.0,1,2.0,6,,3,3,1981,Unknown,No
777,777,3,9.0,3,3.0,5,,1,0,1989,Unknown,Si
778,778,1,16.0,2,3.0,5,,0,4,1986,Unknown,Si
779,779,1,6.0,3,2.0,5,,1,2,1996,Unknown,No
780,780,1,,2,1.0,5,,0,4,1988,Unknown,Si
781,781,0,5.0,3,2.0,5,,1,4,1995,Unknown,Si
782,782,1,6.0,5,2.0,5,,0,2,1994,Unknown,No
783,783,2,9.0,6,2.0,4,,2,3,1969, research scientist  -  research & development ,No
784,784,0,4.0,2,2.0,4,,1,2,1999,Unknown,Si
785,785,1,10.0,1,3.0,8,,7,7,1985,Unknown,No
786,786,1,9.0,3,2.0,4,,1,2,1981,Unknown,Si
787,787,1,,3,3.0,5,,1,0,1982,Unknown,Si
788,788,1,6.0,3,2.0,5,,0,4,1998,Unknown,Si
789,789,0,6.0,2,3.0,4,,1,2,1979,Unknown,Si
790,790,2,12.0,3,,6,,0,1,1973,Unknown,Si
791,791,1,8.0,2,2.0,6,,0,0,1987, sales executive  -  sales ,No
792,792,0,,3,3.0,5,,0,1,1978,Unknown,Si
793,793,3,20.0,2,3.0,5,,0,2,1983,Unknown,Si
794,794,1,4.0,5,3.0,4,,1,1,1988,Unknown,Si
795,795,1,10.0,2,3.0,4,,0,3,1994,Unknown,No
796,796,0,,3,4.0,4,,1,2,1989,Unknown,Si
797,797,1,6.0,3,3.0,2,,2,2,1996,Unknown,No
798,798,1,5.0,1,2.0,5,,4,3,1992, research scientist  -  research & development ,Si
799,799,1,3.0,2,3.0,2,,1,2,1989,Unknown,Si
800,800,0,6.0,4,3.0,4,,0,3,1995, laboratory technician  -  research & development ,Si
801,801,2,7.0,5,2.0,6,,0,5,1991,Unknown,Si
802,802,0,6.0,3,3.0,3,,1,2,1985, research scientist  -  research & development ,Si
803,803,1,5.0,5,2.0,4,,1,3,1999,Unknown,Si
804,804,0,,2,3.0,4,,1,3,1989,Unknown,Si
805,805,0,,5,3.0,10,,6,7,1991, research scientist  -  research & development ,No
806,806,0,22.0,2,2.0,2,,2,1,1977,Unknown,No
807,807,0,,5,4.0,4,,1,3,1979,Unknown,No
808,808,0,3.0,2,3.0,3,,0,2,1973,Unknown,Si
809,809,0,2.0,3,3.0,2,,2,2,1988,Unknown,Si
810,810,0,2.0,3,2.0,2,,2,2,1995,Unknown,Si
811,811,1,5.0,2,2.0,2,,0,0,1997,Unknown,No
812,812,1,4.0,3,3.0,2,,2,2,1988,Unknown,No
813,813,1,5.0,2,2.0,3,,1,2,1988,Unknown,Si
814,814,0,,3,4.0,5,,0,2,1986,Unknown,Si
815,815,1,,2,3.0,4,,0,2,1977,Unknown,Si
816,816,0,,2,3.0,5,,1,3,1989,Unknown,Si
817,817,2,10.0,4,3.0,4,,0,3,1972,Unknown,Si
818,818,1,4.0,2,2.0,3,,0,2,1999, sales executive  -  sales ,Si
819,819,1,,3,4.0,3,,1,2,1979,Unknown,Si
820,820,0,,3,3.0,3,,0,2,1986,Unknown,Si
821,821,1,,3,3.0,3,,2,2,1964,Unknown,No
822,822,2,,2,,2,,2,1,1998,Unknown,Si
823,823,0,,2,3.0,3,,1,2,1980,Unknown,Si
824,824,0,16.0,3,,2,,2,1,1973,Unknown,No
825,825,1,4.0,2,3.0,2,,2,2,1992,Unknown,Si
826,826,2,7.0,0,3.0,3,,0,1,1987, manufacturing director  -  research & development ,No
827,827,0,18.0,2,3.0,4,,0,3,1972,Unknown,No
828,828,0,,3,3.0,2,,2,2,1998, sales executive  -  sales ,No
829,829,0,19.0,2,,3,,2,2,1985,Unknown,No
830,830,1,8.0,3,3.0,3,,2,2,1993, research scientist  -  research & development ,Si
831,831,2,2.0,6,3.0,2,,2,2,2001,Unknown,Si
832,832,1,,1,1.0,2,,2,2,1996, research scientist  -  research & development ,Si
833,833,1,5.0,2,1.0,5,,0,2,1995, research scientist  -  research & development ,Si
834,834,1,6.0,3,2.0,5,,1,1,1996,Unknown,Si
835,835,1,,3,,2,,2,2,1967,Unknown,Si
836,836,0,,3,,2,,2,1,1985,Unknown,Si
837,837,1,7.0,0,3.0,4,,0,2,1992,Unknown,Si
838,838,0,9.0,3,3.0,3,,1,2,1989,Unknown,Si
839,839,1,,2,2.0,3,,0,2,1973, laboratory technician  -  research & development ,No
840,840,2,5.0,3,3.0,4,2.0,1,3,1970,Unknown,No
841,841,0,,5,3.0,6,,1,2,1988,Unknown,Si
842,842,1,,1,3.0,2,,2,0,1996,Unknown,No
843,843,1,,2,4.0,7,,3,7,1983,Unknown,Si
844,844,1,4.0,2,2.0,4,,2,2,2001,Unknown,No
845,845,1,5.0,5,1.0,3,,0,2,1983,Unknown,Si
846,846,1,17.0,3,3.0,4,,0,3,1977,Unknown,Si
847,847,0,8.0,5,3.0,5,,0,4,1993,Unknown,Si
848,848,0,,1,2.0,6,,1,5,1994,Unknown,No
849,849,1,16.0,4,3.0,6,,0,5,1969,Unknown,No
850,850,0,,3,3.0,3,,1,1,1990, research scientist  -  research & development ,Si
851,851,0,,3,2.0,2,,2,2,1971,Unknown,Si
852,852,0,,2,2.0,2,,2,2,1964, human resources  -  human resources ,No
853,853,0,4.0,2,1.0,3,,1,2,1991,Unknown,Si
854,854,3,7.0,1,3.0,3,,1,2,1984,Unknown,No
855,855,0,4.0,2,3.0,3,,2,2,1991,Unknown,Si
856,856,1,,3,3.0,2,,2,2,1992,Unknown,Si
857,857,1,2.0,2,2.0,2,,0,2,1990,Unknown,Si
858,858,1,9.0,1,3.0,3,,0,2,1978,Unknown,Si
859,859,0,,1,3.0,3,,0,2,1981, research scientist  -  research & development ,Si
860,860,1,,2,3.0,3,,0,2,1994,Unknown,No
861,861,2,5.0,3,3.0,4,,1,2,1998,Unknown,No
862,862,0,9.0,5,3.0,6,,0,4,1991,Unknown,No
863,863,1,,3,,5,,0,4,1995,Unknown,Si
864,864,0,,4,4.0,3,,1,0,2002,Unknown,No
865,865,2,,2,3.0,5,,0,2,1986,Unknown,No
866,866,1,,2,3.0,2,,1,2,1985,Unknown,No
867,867,1,,2,3.0,3,,0,2,1997,Unknown,No
868,868,0,,4,3.0,3,,1,2,1974,Unknown,Si
869,869,1,2.0,5,2.0,2,,2,2,1992, sales representative  -  sales ,Si
870,870,3,,3,2.0,4,,1,2,1986,Unknown,No
871,871,1,,4,3.0,5,,0,3,1992, research scientist  -  research & development ,Si
872,872,0,,1,3.0,2,,1,0,1992,Unknown,No
873,873,1,3.0,2,1.0,2,,2,2,1992, research scientist  -  research & development ,Si
874,874,0,11.0,3,2.0,8,,7,7,1971,Unknown,No
875,875,0,,4,2.0,3,,2,2,1995,Unknown,Si
876,876,1,21.0,2,3.0,3,,1,1,1976,Unknown,No
877,877,0,4.0,2,,3,,2,2,1994,Unknown,Si
878,878,2,8.0,2,2.0,6,,0,4,1986,Unknown,Si
879,879,2,,2,2.0,4,,0,2,2000,Unknown,No
880,880,1,4.0,5,3.0,3,,1,0,1981, human resources  -  human resources ,No
881,881,1,4.0,2,4.0,2,,2,2,1993, sales executive  -  sales ,No
882,882,0,3.0,3,3.0,3,,1,2,2002,Unknown,Si
883,883,0,,2,3.0,3,,1,2,1966,Unknown,Si
884,884,0,3.0,3,2.0,3,2.0,2,2,2002,Unknown,Si
885,885,0,3.0,5,3.0,2,,2,2,1992,Unknown,Si
886,886,0,6.0,4,3.0,3,,1,2,1994, research scientist  -  research & development ,No
887,887,1,5.0,2,3.0,5,,0,4,1996,Unknown,Si
888,888,0,,2,3.0,5,,0,0,1974,Unknown,Si
889,889,1,,3,3.0,2,,2,2,1987,Unknown,Si
890,890,0,,3,2.0,5,,0,4,1989,Unknown,Si
891,891,1,,2,4.0,5,,0,3,1999,Unknown,Si
892,892,1,8.0,5,3.0,5,,1,2,1981,Unknown,Si
893,893,1,24.0,4,2.0,4,,1,2,1969,Unknown,No
894,894,1,,3,3.0,3,,1,2,1989,Unknown,Si
895,895,1,,1,3.0,3,,1,2,1980,Unknown,Si
896,896,0,,3,3.0,5,,0,2,1980,Unknown,Si
897,897,1,4.0,3,,4,,3,2,1992,Unknown,No
898,898,1,6.0,5,,2,,0,2,1998,Unknown,Si
899,899,2,8.0,3,2.0,2,,0,2,1978,Unknown,Si
900,900,0,31.0,2,1.0,5,,1,4,1971,Unknown,No
901,901,1,3.0,3,2.0,2,,1,0,1989,Unknown,Si
902,902,2,,3,1.0,3,,0,2,1997,Unknown,Si
903,903,0,,2,3.0,10,,0,7,1994,Unknown,Si
904,904,0,6.0,2,4.0,2,,1,1,1994,Unknown,No
905,905,0,,2,1.0,3,,0,1,1977,Unknown,No
906,906,1,15.0,3,3.0,3,,1,2,1977,Unknown,No
907,907,0,,3,3.0,3,,1,2,1993, sales representative  -  sales ,Si
908,908,3,,2,3.0,3,,0,2,1989, human resources  -  human resources ,No
909,909,1,,4,,2,,2,0,1981,Unknown,Si
910,910,0,4.0,3,3.0,2,,1,2,2001, laboratory technician  -  research & development ,Si
911,911,2,8.0,2,4.0,3,2.0,1,2,1994,Unknown,Si
912,912,0,,3,2.0,2,,1,2,1977, healthcare representative  -  research & development ,Si
913,913,0,,2,3.0,4,,1,2,1991, sales executive  -  sales ,Si
914,914,2,3.0,3,3.0,2,,2,1,1999,Unknown,No
915,915,0,,3,3.0,3,,0,2,1988,Unknown,No
916,916,2,10.0,4,3.0,10,,2,2,1981,Unknown,Si
917,917,1,21.0,3,1.0,3,,0,2,1975,Unknown,Si
918,918,0,10.0,1,4.0,2,2.0,0,2,1979,Unknown,Si
919,919,2,8.0,3,3.0,8,,0,6,1989, sales representative  -  sales ,Si
920,920,0,,2,3.0,3,,1,2,2002,Unknown,Si
921,921,1,26.0,2,4.0,2,,0,1,1979,Unknown,Si
922,922,0,,3,3.0,2,,2,2,2001,Unknown,Si
923,923,1,,2,3.0,3,,0,2,1997,Unknown,No
924,924,1,13.0,2,3.0,3,,0,2,1987,Unknown,Si
925,925,0,5.0,0,3.0,4,,1,1,1996,Unknown,Si
926,926,1,5.0,3,4.0,3,,0,2,2000,Unknown,No
927,927,1,4.0,4,3.0,3,,1,2,1998,Unknown,No
928,928,0,,3,3.0,2,,2,2,1975,Unknown,Si
929,929,0,,3,3.0,2,,2,0,1999,Unknown,Si
930,930,0,10.0,1,3.0,2,,2,2,1963,Unknown,No
931,931,1,4.0,2,3.0,2,,2,2,1973,Unknown,Si
932,932,0,9.0,5,3.0,5,,1,4,1979,Unknown,No
933,933,2,28.0,2,2.0,22,,11,13,1976,Unknown,Si
934,934,0,,2,3.0,2,,2,2,1981,Unknown,Si
935,935,1,7.0,5,3.0,2,,2,2,1980,Unknown,Si
936,936,0,5.0,2,2.0,4,,2,3,1983,Unknown,No
937,937,2,,2,3.0,2,,2,2,1994, sales representative  -  sales ,No
938,938,0,19.0,4,3.0,2,,2,2,1970,Unknown,No
939,939,0,,3,3.0,2,,0,2,2000, research scientist  -  research & development ,No
940,940,1,24.0,2,3.0,5,,1,4,1968,Unknown,No
941,941,1,,2,3.0,2,,2,0,1997,Unknown,Si
942,942,0,,2,3.0,4,,1,3,1989,Unknown,No
943,943,1,5.0,3,3.0,4,,1,1,1996,Unknown,Si
944,944,1,3.0,1,2.0,3,,0,2,1988,Unknown,Si
945,945,2,7.0,2,3.0,2,,0,2,1993,Unknown,Si
946,946,1,,1,3.0,3,,1,2,1989,Unknown,Si
947,947,1,9.0,3,3.0,5,,1,4,1971, laboratory technician  -  research & development ,Si
948,948,0,,3,3.0,3,,0,2,1990,Unknown,No
949,949,0,7.0,0,3.0,2,,2,2,1988, research scientist  -  research & development ,No
950,950,0,5.0,3,2.0,2,,2,1,1995,Unknown,Si
951,951,1,,2,3.0,5,,0,4,1987,Unknown,Si
952,952,0,6.0,3,3.0,5,,1,3,1989, research scientist  -  research & development ,Si
953,953,1,4.0,1,1.0,3,,0,2,1989,Unknown,No
954,954,0,10.0,2,2.0,5,,2,3,1979,Unknown,Si
955,955,1,8.0,3,2.0,5,,0,3,1991,Unknown,Si
956,956,1,35.0,3,3.0,5,,0,4,1970,Unknown,No
957,957,2,4.0,2,1.0,2,,2,2,2001,Unknown,No
958,958,1,10.0,2,2.0,3,,0,2,1979,Unknown,No
959,959,1,10.0,3,2.0,10,,7,8,1988,Unknown,Si
960,960,0,5.0,1,4.0,5,,0,3,1998,Unknown,No
961,961,1,7.0,2,3.0,4,,0,2,1974,Unknown,No
962,962,0,,2,2.0,5,,3,4,1999,Unknown,No
963,963,1,3.0,3,3.0,2,,1,2,1985, sales representative  -  sales ,Si
964,964,3,5.0,3,3.0,3,,0,2,1994,Unknown,No
965,965,1,12.0,2,2.0,5,,2,2,1980,Unknown,Si
966,966,0,4.0,3,3.0,4,,0,2,1995,Unknown,No
967,967,0,2.0,3,2.0,2,,0,2,2003,Unknown,Si
968,968,0,3.0,3,2.0,3,,1,2,1976,Unknown,Si
969,969,1,4.0,3,4.0,3,,0,2,2001,Unknown,Si
970,970,1,6.0,2,3.0,2,,2,2,1995,Unknown,Si
971,971,0,,2,1.0,2,,2,2,1984, laboratory technician  -  research & development ,Si
972,972,0,,1,3.0,3,,0,2,1990, research scientist  -  research & development ,No
973,973,0,8.0,6,3.0,6,,0,1,1987, research scientist  -  research & development ,Si
974,974,0,5.0,3,3.0,5,,1,0,1988,Unknown,Si
975,975,0,4.0,0,3.0,3,,1,2,1992,Unknown,No
976,976,0,5.0,4,3.0,3,,0,2,1990,Unknown,No
977,977,1,4.0,2,3.0,2,,2,2,1996,Unknown,No
978,978,0,,2,,5,,0,1,1993,Unknown,Si
979,979,2,5.0,6,3.0,4,,3,2,1999,Unknown,No
980,980,1,5.0,2,1.0,4,,0,2,1988, laboratory technician  -  research & development ,No
981,981,0,4.0,3,3.0,3,,1,2,1993,Unknown,Si
982,982,0,19.0,0,3.0,2,,2,2,1975, healthcare representative  -  research & development ,Si
983,983,0,8.0,6,3.0,2,,2,1,1982,Unknown,No
984,984,1,,2,,3,,2,2,1996, manufacturing director  -  research & development ,Si
985,985,1,3.0,4,2.0,3,,1,2,1988, laboratory technician  -  research & development ,No
986,986,0,,6,3.0,2,,2,2,1997,Unknown,Si
987,987,0,,2,2.0,2,,2,2,1990, sales representative  -  sales ,No
988,988,1,6.0,2,3.0,3,,1,2,1997,Unknown,Si
989,989,1,8.0,2,3.0,2,,2,2,1985,Unknown,No
990,990,2,23.0,0,3.0,2,,2,2,1977,Unknown,Si
991,991,0,2.0,3,3.0,2,,0,2,2003,Unknown,Si
992,992,1,7.0,1,2.0,6,,0,2,1993,Unknown,No
993,993,3,3.0,4,,3,,1,2,1996,Unknown,No
994,994,1,23.0,4,3.0,3,,1,2,1968,Unknown,Si
995,995,1,,2,3.0,3,,1,2,1990,Unknown,Si
996,996,1,4.0,5,2.0,4,,2,2,1995,Unknown,Si
997,997,0,,1,2.0,6,,0,4,1989,Unknown,Si
998,998,0,5.0,0,3.0,2,,2,2,1990,Unknown,No
999,999,1,4.0,3,3.0,3,,0,2,1990,Unknown,No
1000,1000,0,2.0,6,4.0,2,,2,2,2002,Unknown,Si
1001,1001,1,3.0,4,3.0,2,,2,2,1992,Unknown,Si
1002,1002,1,5.0,3,3.0,5,,0,2,1988,Unknown,Si
1003,1003,0,,3,,3,,0,2,1989,Unknown,Si
1004,1004,0,6.0,3,3.0,5,,0,3,1990,Unknown,No
1005,1005,1,,5,2.0,2,,2,2,1992, laboratory technician  -  research & development ,Si
1006,1006,2,9.0,2,3.0,6,,1,3,1986,Unknown,Si
1007,1007,1,4.0,0,3.0,4,2.0,2,2,1996,Unknown,Si
1008,1008,1,2.0,2,4.0,2,,2,2,1988,Unknown,Si
1009,1009,1,28.0,2,3.0,5,,4,2,1967,Unknown,Si
1010,1010,1,,2,,3,,0,2,1978, research scientist  -  research & development ,Si
1011,1011,0,2.0,2,2.0,2,,1,2,2003,Unknown,Si
1012,1012,1,,3,,2,,2,2,1973,Unknown,Si
1013,1013,1,25.0,2,3.0,4,,0,3,1977,Unknown,Si
1014,1014,1,2.0,2,3.0,2,,2,2,1991,Unknown,Si
1015,1015,1,16.0,6,2.0,13,,4,12,1988,Unknown,No
1016,1016,3,3.0,5,,3,,1,2,1994,Unknown,Si
1017,1017,0,2.0,2,1.0,2,,2,2,2002,Unknown,Si
1018,1018,0,4.0,3,3.0,3,,0,2,1989,Unknown,Si
1019,1019,0,,2,2.0,4,,0,2,1995,Unknown,No
1020,1020,0,4.0,3,3.0,3,,2,2,1988,Unknown,No
1021,1021,1,,2,3.0,2,,2,2,1995,Unknown,No
1022,1022,0,5.0,2,2.0,3,,1,2,1995,Unknown,No
1023,1023,0,,3,2.0,2,,2,1,1998, research scientist  -  research & development ,No
1024,1024,2,,3,3.0,2,,2,2,1965,Unknown,Si
1025,1025,0,6.0,2,3.0,5,,0,3,1984,Unknown,No
1026,1026,1,10.0,6,3.0,9,,6,7,1993,Unknown,Si
1027,1027,0,,2,,3,,1,2,1973,Unknown,Si
1028,1028,0,19.0,4,3.0,19,,11,9,1982,Unknown,Si
1029,1029,0,,2,4.0,3,,2,2,1992,Unknown,No
1030,1030,0,10.0,4,4.0,3,,1,2,1979,Unknown,Si
1031,1031,1,6.0,0,3.0,4,,0,0,1983, research scientist  -  research & development ,Si
1032,1032,3,,6,2.0,3,,1,2,1998, laboratory technician  -  research & development ,No
1033,1033,1,7.0,3,3.0,4,,0,3,1983,Unknown,Si
1034,1034,0,,1,2.0,5,,0,3,1972,Unknown,Si
1035,1035,0,,3,3.0,6,,0,0,1996,Unknown,No
1036,1036,1,5.0,0,2.0,4,,3,2,1988,Unknown,Si
1037,1037,3,4.0,2,3.0,4,,0,3,1985,Unknown,Si
1038,1038,2,10.0,3,2.0,10,,6,7,1992,Unknown,Si
1039,1039,0,14.0,5,3.0,4,,3,2,1972,Unknown,Si
1040,1040,2,12.0,4,2.0,6,,3,3,1982,Unknown,No
1041,1041,3,4.0,3,2.0,3,,1,2,1991,Unknown,Si
1042,1042,0,6.0,3,2.0,3,,1,2,1998,Unknown,No
1043,1043,0,,3,3.0,6,2.0,4,4,1996,Unknown,Si
1044,1044,0,8.0,2,3.0,8,,7,7,1996,Unknown,Si
1045,1045,0,8.0,6,3.0,3,,0,2,1986,Unknown,Si
1046,1046,0,10.0,2,3.0,2,,2,2,1988,Unknown,Si
1047,1047,1,7.0,2,2.0,3,,0,2,1998,Unknown,Si
1048,1048,2,,3,3.0,3,,0,2,1993,Unknown,Si
1049,1049,0,,3,4.0,3,,1,0,1992, research director  -  research & development ,Si
1050,1050,2,11.0,3,2.0,3,,0,2,1987,Unknown,No
1051,1051,0,6.0,2,3.0,3,,2,2,1998,Unknown,Si
1052,1052,1,5.0,3,4.0,3,,1,0,1967,Unknown,Si
1053,1053,0,7.0,5,,4,,0,3,1982,Unknown,Si
1054,1054,0,8.0,3,3.0,3,,0,2,1992,Unknown,Si
1055,1055,1,7.0,2,1.0,2,2.0,2,2,1992, laboratory technician  -  research & development ,Si
1056,1056,3,,3,3.0,2,,2,2,1975, sales executive  -  sales ,No
1057,1057,0,2.0,0,3.0,2,,2,2,1989,Unknown,No
1058,1058,0,7.0,5,3.0,5,,0,3,1979,Unknown,No
1059,1059,1,20.0,0,2.0,3,,1,2,1974, healthcare representative  -  research & development ,Si
1060,1060,0,6.0,3,2.0,5,,1,3,1979,Unknown,No
1061,1061,1,5.0,3,4.0,3,,1,2,1995,Unknown,No
1062,1062,0,16.0,2,2.0,2,,2,2,1979, manufacturing director  -  research & development ,Si
1063,1063,0,4.0,2,3.0,3,,1,2,1968,Unknown,Si
1064,1064,0,5.0,5,3.0,4,,1,3,1995,Unknown,Si
1065,1065,1,10.0,3,3.0,3,,1,2,1974,Unknown,Si
1066,1066,3,,3,3.0,3,,0,2,1994,Unknown,No
1067,1067,0,10.0,5,4.0,5,,0,0,1991,Unknown,Si
1068,1068,0,7.0,2,,7,,7,7,1992,Unknown,Si
1069,1069,0,8.0,2,3.0,2,,2,2,1983,Unknown,No
1070,1070,0,7.0,3,2.0,3,,1,2,1987,Unknown,No
1071,1071,1,,6,1.0,2,,2,2,1990,Unknown,No
1072,1072,1,9.0,3,3.0,4,,1,3,1993, sales executive  -  sales ,Si
1073,1073,2,,2,3.0,5,,1,4,1985,Unknown,No
1074,1074,1,,3,2.0,8,,7,6,1975, research scientist  -  research & development ,Si
1075,1075,1,,3,2.0,2,,2,1,1989, research scientist  -  research & development ,Si
1076,1076,0,8.0,5,4.0,3,,1,2,1985,Unknown,No
1077,1077,0,,4,3.0,5,,0,4,1988,Unknown,Si
1078,1078,1,4.0,2,3.0,2,,2,2,2000,Unknown,Si
1079,1079,1,9.0,3,3.0,3,,0,2,1987,Unknown,No
1080,1080,1,8.0,3,2.0,8,,7,7,1989,Unknown,No
1081,1081,0,4.0,2,2.0,4,,1,3,2001,Unknown,Si
1082,1082,2,6.0,3,3.0,3,,0,2,1991,Unknown,Si
1083,1083,0,,3,3.0,5,,0,3,1992,Unknown,No
1084,1084,2,7.0,2,3.0,3,,1,1,1987,Unknown,Si
1085,1085,0,,2,,2,,2,2,2002,Unknown,No
1086,1086,1,27.0,2,3.0,5,,1,0,1976,Unknown,No
1087,1087,0,,2,1.0,9,,3,8,1984,Unknown,Si
1088,1088,0,18.0,2,2.0,4,,3,3,1983,Unknown,Si
1089,1089,1,,3,3.0,2,,2,2,1975,Unknown,Si
1090,1090,2,,2,2.0,2,,2,2,1988,Unknown,No
1091,1091,0,5.0,0,3.0,3,,0,2,1996, research scientist  -  research & development ,No
1092,1092,0,,0,2.0,4,,1,2,1996,Unknown,Si
1093,1093,0,10.0,3,1.0,4,,0,3,1983,Unknown,Si
1094,1094,0,,2,3.0,5,,1,4,1994,Unknown,Si
1095,1095,2,9.0,6,3.0,3,,0,2,1987,Unknown,Si
1096,1096,2,27.0,2,3.0,4,,1,2,1974,Unknown,Si
1097,1097,0,2.0,3,3.0,2,,2,2,2003,Unknown,Si
1098,1098,0,4.0,6,3.0,3,,1,2,1987, manufacturing director  -  research & development ,Si
1099,1099,2,6.0,5,3.0,6,,0,4,1990,Unknown,Si
1100,1100,1,17.0,2,2.0,2,,2,2,1974,Unknown,Si
1101,1101,3,29.0,2,3.0,3,,1,2,1976,Unknown,Si
1102,1102,0,,3,3.0,2,,0,2,2003,Unknown,Si
1103,1103,2,10.0,2,2.0,3,,0,2,1987,Unknown,No
1104,1104,3,8.0,2,3.0,2,,2,2,1979, human resources  -  human resources ,No
1105,1105,1,8.0,1,3.0,4,,1,2,1968,Unknown,Si
1106,1106,1,3.0,2,3.0,3,,0,2,2000,Unknown,No
1107,1107,3,,3,4.0,3,,0,2,1997,Unknown,Si
1108,1108,1,,3,2.0,5,,1,3,1991,Unknown,Si
1109,1109,1,6.0,2,4.0,5,,0,3,1992,Unknown,No
1110,1110,1,,4,3.0,3,,1,2,1982, human resources  -  human resources ,No
1111,1111,3,6.0,2,4.0,6,,1,2,1999,Unknown,Si
1112,1112,3,16.0,3,3.0,2,,2,2,1987,Unknown,Si
1113,1113,0,3.0,3,1.0,3,2.0,1,2,2000,Unknown,No
1114,1114,1,3.0,2,3.0,2,,2,1,1999,Unknown,No
1115,1115,1,,0,2.0,4,,1,2,1993,Unknown,No
1116,1116,1,6.0,3,3.0,5,,0,2,1992,Unknown,Si
1117,1117,0,6.0,5,2.0,6,,1,4,1996,Unknown,No
1118,1118,0,2.0,3,3.0,2,,2,2,1994,Unknown,Si
1119,1119,0,10.0,5,4.0,3,,0,2,1994,Unknown,No
1120,1120,3,27.0,2,2.0,3,,0,2,1970,Unknown,Si
1121,1121,0,,3,3.0,2,,2,2,1989,Unknown,Si
1122,1122,0,,2,3.0,2,2.0,2,2,1972,Unknown,Si
1123,1123,2,,2,3.0,5,,0,3,1986, sales executive  -  sales ,No
1124,1124,0,6.0,3,3.0,2,,2,2,1977,Unknown,No
1125,1125,0,,2,2.0,3,,1,2,1980, research scientist  -  research & development ,Si
1126,1126,0,,3,1.0,3,,1,2,1982,Unknown,No
1127,1127,2,9.0,3,3.0,3,,2,2,1992,Unknown,No
1128,1128,1,,3,3.0,3,,1,2,1995,Unknown,No
1129,1129,2,20.0,4,2.0,4,,0,3,1985, sales representative  -  sales ,Si
1130,1130,0,23.0,3,3.0,2,,2,2,1965, research director  -  research & development ,Si
1131,1131,3,,3,3.0,2,,2,0,1994,Unknown,No
1132,1132,0,,2,3.0,2,,2,0,1976,Unknown,No
1133,1133,1,3.0,2,3.0,3,,2,2,1995,Unknown,Si
1134,1134,0,7.0,3,2.0,2,,2,2,1991, sales executive  -  sales ,Si
1135,1135,3,7.0,2,3.0,2,,2,2,1984,Unknown,Si
1136,1136,1,,2,4.0,5,,0,4,1968,Unknown,No
1137,1137,0,,2,3.0,3,,1,2,1994,Unknown,Si
1138,1138,0,4.0,2,3.0,3,,0,2,1988,Unknown,No
1139,1139,1,,2,3.0,5,,3,0,1989,Unknown,Si
1140,1140,0,5.0,3,3.0,4,,1,0,1967,Unknown,Si
1141,1141,2,,1,1.0,4,,1,3,1987,Unknown,Si
1142,1142,1,,2,3.0,5,,1,4,1992,Unknown,No
1143,1143,0,9.0,3,2.0,4,,0,1,1989,Unknown,Si
1144,1144,1,4.0,0,2.0,2,,2,2,1992,Unknown,No
1145,1145,0,12.0,3,3.0,4,,0,3,1978,Unknown,Si
1146,1146,1,10.0,1,3.0,3,,1,2,1984,Unknown,No
1147,1147,2,,0,4.0,5,,0,3,1985,Unknown,No
1148,1148,1,4.0,3,,4,,2,3,1992,Unknown,Si
1149,1149,0,15.0,2,2.0,2,,2,2,1970,Unknown,Si
1150,1150,1,,2,3.0,6,,1,2,1985, human resources  -  human resources ,No
1151,1151,0,9.0,3,3.0,5,,1,4,1969,Unknown,No
1152,1152,0,,6,4.0,5,,1,4,2000,Unknown,Si
1153,1153,1,,2,2.0,2,,0,2,1998,Unknown,Si
1154,1154,1,,1,3.0,2,,1,2,1992,Unknown,Si
1155,1155,1,,3,3.0,2,,2,2,1988,Unknown,Si
1156,1156,0,,2,4.0,3,,1,2,2001, research scientist  -  research & development ,Si
1157,1157,0,6.0,3,3.0,6,,4,1,1991,Unknown,No
1158,1158,1,,2,3.0,2,,2,2,1991,Unknown,Si
1159,1159,0,,6,3.0,2,,1,2,2002, sales representative  -  sales ,Si
1160,1160,3,18.0,3,3.0,4,,0,2,1987,Unknown,Si
1161,1161,3,4.0,3,4.0,2,,2,2,1994,Unknown,Si
1162,1162,0,,4,3.0,4,,1,2,1991,Unknown,Si
1163,1163,0,8.0,2,3.0,2,,2,2,1983,Unknown,Si
1164,1164,2,,2,4.0,10,,0,2,1988,Unknown,No
1165,1165,1,20.0,3,3.0,3,,2,0,1973, sales executive  -  sales ,Si
1166,1166,0,,2,3.0,4,,0,0,1997,Unknown,Si
1167,1167,1,17.0,3,3.0,5,,0,3,1987,Unknown,No
1168,1168,1,6.0,0,3.0,6,,0,3,1996,Unknown,No
1169,1169,0,7.0,3,3.0,1,1.0,0,0,1990,Unknown,No
1170,1170,1,,3,4.0,1,,0,0,1987,Unknown,Si
1171,1171,0,1.0,4,3.0,1,,1,0,1992, research scientist  -  research & development ,Si
1172,1172,1,3.0,2,3.0,2,,2,1,2001, laboratory technician  -  research & development ,Si
1173,1173,1,1.0,2,2.0,1,,0,1,1996,Unknown,Si
1174,1174,0,4.0,2,,3,,0,2,1990,Unknown,Si
1175,1175,0,8.0,2,3.0,8,,1,7,1987,Unknown,Si
1176,1176,1,,2,2.0,3,,0,2,1986,Unknown,Si
1177,1177,0,5.0,3,1.0,5,,0,3,1991,Unknown,Si
1178,1178,1,,3,3.0,4,,1,2,1972,Unknown,Si
1179,1179,0,,2,3.0,7,,0,7,1974,Unknown,Si
1180,1180,0,,5,3.0,1,,0,0,1988,Unknown,Si
1181,1181,1,2.0,1,3.0,2,,1,2,2001,Unknown,No
1182,1182,1,10.0,2,3.0,6,1.0,0,5,1990,Unknown,No
1183,1183,0,,2,1.0,3,,1,2,1992, sales executive  -  sales ,No
1184,1184,2,5.0,4,3.0,1,,0,0,1978,Unknown,Si
1185,1185,0,32.0,3,3.0,5,,1,3,1970,Unknown,Si
1186,1186,0,10.0,2,3.0,5,,4,3,1989,Unknown,Si
1187,1187,1,,3,3.0,4,,1,0,1980,Unknown,No
1188,1188,1,6.0,6,3.0,5,,0,4,1995,Unknown,Si
1189,1189,0,8.0,2,3.0,2,,2,2,1981, research scientist  -  research & development ,Si
1190,1190,0,1.0,2,3.0,1,,0,0,1996,Unknown,Si
1191,1191,1,3.0,2,,1,,0,0,1983,Unknown,Si
1192,1192,0,,2,1.0,14,,11,7,1986,Unknown,Si
1193,1193,1,3.0,5,3.0,3,,0,2,1994,Unknown,No
1194,1194,1,3.0,0,2.0,2,,0,2,1985, research scientist  -  research & development ,No
1195,1195,1,16.0,2,2.0,15,,0,9,1989,Unknown,Si
1196,1196,1,1.0,2,3.0,1,,0,0,1989,Unknown,No
1197,1197,1,29.0,2,2.0,8,,7,7,1973,Unknown,No
1198,1198,1,1.0,0,2.0,1,,0,0,1997,Unknown,No
1199,1199,1,,2,3.0,3,,0,2,1995, research scientist  -  research & development ,No
1200,1200,0,,4,2.0,1,,0,0,1995,Unknown,Si
1201,1201,1,16.0,3,1.0,1,,0,0,1983,Unknown,Si
1202,1202,0,1.0,4,3.0,1,,0,0,2004,Unknown,No
1203,1203,0,2.0,2,3.0,2,,2,2,2003,Unknown,Si
1204,1204,1,7.0,2,4.0,5,,1,3,1983,Unknown,No
1205,1205,0,,2,4.0,1,1.0,0,0,2004,Unknown,Si
1206,1206,0,13.0,2,3.0,6,,0,5,1964,Unknown,No
1207,1207,2,,2,3.0,9,,0,8,1993, manager  -  research & development ,No
1208,1208,2,,4,4.0,3,,1,2,1978,Unknown,Si
1209,1209,1,,3,4.0,3,,1,2,1983,Unknown,No
1210,1210,2,4.0,2,2.0,2,,2,2,1993,Unknown,No
1211,1211,3,,3,3.0,1,,0,0,1999, laboratory technician  -  research & development ,No
1212,1212,1,12.0,2,3.0,7,,2,5,1991,Unknown,Si
1213,1213,3,,3,3.0,1,,0,0,1995,Unknown,No
1214,1214,0,8.0,1,4.0,5,,0,4,1974, sales executive  -  sales ,Si
1215,1215,1,9.0,4,2.0,6,,0,5,1985, laboratory technician  -  research & development ,No
1216,1216,1,24.0,3,3.0,2,,2,2,1977,Unknown,Si
1217,1217,1,,3,2.0,7,,0,7,1989,Unknown,No
1218,1218,1,7.0,6,3.0,2,,2,2,1984,Unknown,No
1219,1219,0,6.0,3,3.0,5,,1,4,1997, human resources  -  human resources ,Si
1220,1220,1,14.0,2,2.0,7,,1,7,1969,Unknown,No
1221,1221,0,10.0,2,2.0,10,,0,8,1987,Unknown,Si
1222,1222,0,8.0,2,3.0,4,,0,3,1991, research scientist  -  research & development ,No
1223,1223,1,9.0,6,3.0,5,,1,2,1991,Unknown,Si
1224,1224,1,,2,2.0,4,,0,3,1995, laboratory technician  -  research & development ,Si
1225,1225,3,,2,2.0,1,,0,0,1990,Unknown,No
1226,1226,0,7.0,3,3.0,0,,0,0,1986,Unknown,Si
1227,1227,3,12.0,3,2.0,1,,0,0,1964,Unknown,Si
1228,1228,1,1.0,2,3.0,1,,0,0,1993,Unknown,Si
1229,1229,2,,2,2.0,1,,0,0,2001,Unknown,No
1230,1230,0,0.0,6,3.0,0,,0,0,2002,Unknown,Si
1231,1231,0,10.0,5,3.0,10,,1,8,1993,Unknown,No
1232,1232,1,19.0,6,4.0,1,,0,0,1984,Unknown,Si
1233,1233,1,6.0,2,,2,,2,0,1999,Unknown,No
1234,1234,1,1.0,3,3.0,1,,0,0,1988, laboratory technician  -  research & development ,Si
1235,1235,1,,6,3.0,1,,0,0,1996,Unknown,No
1236,1236,0,1.0,2,2.0,1,,0,1,1997,Unknown,No
1237,1237,0,8.0,1,3.0,1,,0,0,1986, research scientist  -  research & development ,No
1238,1238,0,1.0,2,3.0,1,,0,1,1988,Unknown,Si
1239,1239,0,,2,3.0,1,,0,0,1975,Unknown,No
1240,1240,1,10.0,3,3.0,4,,2,3,1988,Unknown,Si
1241,1241,3,21.0,2,3.0,5,,0,2,1968,Unknown,Si
1242,1242,1,,2,3.0,1,,0,0,1978,Unknown,Si
1243,1243,1,,0,2.0,1,,0,0,1987,Unknown,Si
1244,1244,0,,3,3.0,1,,0,0,1987, laboratory technician  -  research & development ,Si
1245,1245,0,,3,4.0,0,,0,0,1978, research director  -  research & development ,No
1246,1246,1,,4,3.0,1,,1,0,1968,Unknown,Si
1247,1247,1,,3,3.0,0,,0,0,2000,Unknown,No
1248,1248,0,,2,3.0,1,,0,0,1991,Unknown,Si
1249,1249,0,,5,3.0,1,,1,0,2003, laboratory technician  -  research & development ,No
1250,1250,1,17.0,2,4.0,1,,0,0,1986,Unknown,No
1251,1251,0,,5,3.0,0,,0,0,2001, laboratory technician  -  research & development ,No
1252,1252,1,,3,3.0,1,,0,0,1989,Unknown,Si
1253,1253,1,,2,3.0,1,,0,0,1987,Unknown,No
1254,1254,0,0.0,2,2.0,0,,0,0,2004, sales representative  -  sales ,Si
1255,1255,1,7.0,2,3.0,5,,1,4,1982,Unknown,Si
1256,1256,0,1.0,3,3.0,1,,0,0,2004,Unknown,No
1257,1257,0,10.0,2,3.0,1,,0,0,1972,Unknown,Si
1258,1258,1,9.0,3,2.0,1,,0,0,1965,Unknown,No
1259,1259,0,1.0,5,,0,,0,0,2004,Unknown,Si
1260,1260,0,1.0,3,2.0,1,,1,0,2004,Unknown,Si
1261,1261,0,8.0,1,3.0,1,,0,1,1988,Unknown,Si
1262,1262,0,14.0,3,3.0,1,,0,0,1985,Unknown,No
1263,1263,0,17.0,2,3.0,1,,0,0,1985,Unknown,No
1264,1264,0,,3,3.0,1,,0,0,1982, manager  -  sales ,No
1265,1265,1,7.0,6,3.0,1,,0,0,1964,Unknown,Si
1266,1266,1,,3,2.0,7,,0,6,1973,Unknown,No
1267,1267,2,17.0,2,2.0,1,,0,0,1982, research scientist  -  research & development ,Si
1268,1268,1,25.0,2,3.0,24,,1,7,1978,Unknown,No
1269,1269,2,17.0,5,3.0,1,,0,0,1986,Unknown,Si
1270,1270,0,1.0,0,2.0,1,,0,0,1972,Unknown,Si
1271,1271,0,5.0,5,1.0,0,,0,0,1995,Unknown,No
1272,1272,2,10.0,2,,0,,0,0,1994,Unknown,Si
1273,1273,1,10.0,2,3.0,9,,7,8,1992, healthcare representative  -  research & development ,Si
1274,1274,1,8.0,3,3.0,8,,7,7,1985,Unknown,No
1275,1275,1,19.0,0,1.0,1,,0,0,1979,Unknown,Si
1276,1276,0,10.0,2,3.0,8,,7,7,1987,Unknown,Si
1277,1277,0,0.0,2,3.0,0,,0,0,2005, laboratory technician  -  research & development ,Si
1278,1278,2,4.0,2,3.0,1,,0,0,1987,Unknown,Si
1279,1279,0,0.0,2,3.0,0,,0,0,2005,Unknown,No
1280,1280,0,12.0,3,2.0,1,,0,0,1984,Unknown,Si
1281,1281,1,,1,2.0,1,,0,0,1980, healthcare representative  -  research & development ,Si
1282,1282,0,5.0,3,3.0,0,,0,0,1976,Unknown,No
1283,1283,0,16.0,2,3.0,1,,0,0,1981,Unknown,No
1284,1284,1,8.0,4,3.0,8,,0,7,1991,Unknown,Si
1285,1285,1,15.0,3,1.0,0,,0,0,1975,Unknown,Si
1286,1286,0,,6,3.0,1,,0,0,1981, healthcare representative  -  research & development ,No
1287,1287,0,,6,3.0,1,,0,0,1987,Unknown,Si
1288,1288,0,1.0,2,3.0,1,,0,0,1990,Unknown,No
1289,1289,0,7.0,2,4.0,1,,0,0,1977, manufacturing director  -  research & development ,Si
1290,1290,0,1.0,0,3.0,1,,0,0,2002, sales representative  -  sales ,No
1291,1291,1,,3,3.0,1,,0,0,1993,Unknown,Si
1292,1292,0,3.0,4,3.0,1,,0,0,1993,Unknown,No
1293,1293,0,18.0,2,2.0,1,,0,1,1986,Unknown,Si
1294,1294,1,,3,3.0,1,,0,0,1983,Unknown,Si
1295,1295,1,10.0,2,,10,,1,8,1995,Unknown,No
1296,1296,1,,3,3.0,1,,0,0,1985,Unknown,No
1297,1297,0,1.0,3,4.0,1,,0,0,2004,Unknown,Si
1298,1298,1,,3,2.0,1,,0,0,1966,Unknown,Si
1299,1299,3,20.0,2,3.0,5,,0,4,1976,Unknown,Si
1300,1300,0,,3,3.0,1,,0,0,1969,Unknown,No
1301,1301,0,12.0,2,3.0,1,,0,0,1992,Unknown,Si
1302,1302,0,,3,3.0,0,,0,0,2005,Unknown,No
1303,1303,1,20.0,2,3.0,1,,0,1,1983,Unknown,Si
1304,1304,2,8.0,5,3.0,0,,0,0,1997,Unknown,Si
1305,1305,0,1.0,3,1.0,1,,0,0,1997, laboratory technician  -  research & development ,Si
1306,1306,1,18.0,4,,1,,0,0,1985,Unknown,Si
1307,1307,1,1.0,2,3.0,1,,0,0,1999,Unknown,Si
1308,1308,1,1.0,2,4.0,1,,0,0,1993,Unknown,Si
1309,1309,1,,3,2.0,3,,1,0,1986,Unknown,No
1310,1310,0,1.0,0,4.0,1,,0,0,2003, research scientist  -  research & development ,Si
1311,1311,1,21.0,3,,1,,0,0,1980,Unknown,No
1312,1312,0,8.0,3,2.0,0,,0,0,1985,Unknown,Si
1313,1313,0,6.0,3,3.0,5,,1,2,1990, sales executive  -  sales ,No
1314,1314,1,1.0,2,,1,,0,0,1993,Unknown,No
1315,1315,1,,5,2.0,6,,1,2,1994, sales executive  -  sales ,No
1316,1316,0,,5,3.0,1,,1,1,2003,Unknown,Si
1317,1317,2,1.0,3,3.0,1,,0,0,1988,Unknown,No
1318,1318,0,,2,,1,,0,0,1986,Unknown,Si
1319,1319,0,10.0,4,,1,,0,0,1985,Unknown,Si
1320,1320,0,1.0,6,,1,,0,0,1994,Unknown,No
1321,1321,1,16.0,2,4.0,1,,0,0,1988,Unknown,Si
1322,1322,1,,0,1.0,1,,0,1,1985,Unknown,Si
1323,1323,1,,3,,0,,0,0,1989,Unknown,Si
1324,1324,2,1.0,2,3.0,0,,0,0,2000,Unknown,No
1325,1325,3,,4,3.0,1,,0,0,1999,Unknown,No
1326,1326,1,1.0,1,3.0,1,,0,0,1994,Unknown,Si
1327,1327,0,10.0,6,3.0,1,,0,0,1983,Unknown,Si
1328,1328,0,12.0,4,2.0,0,,0,0,1993, manufacturing director  -  research & development ,Si
1329,1329,0,1.0,3,3.0,1,,0,0,1978,Unknown,Si
1330,1330,3,0.0,6,2.0,0,,0,0,1996,Unknown,Si
1331,1331,2,9.0,2,3.0,1,,0,0,1986,Unknown,Si
1332,1332,1,4.0,2,3.0,3,,0,2,1991,Unknown,Si
1333,1333,1,28.0,3,3.0,2,,2,2,1970,Unknown,Si
1334,1334,0,,2,3.0,10,,0,9,1986,Unknown,No
1335,1335,0,1.0,2,1.0,1,,0,1,1991,Unknown,Si
1336,1336,1,3.0,3,2.0,1,,0,0,1965,Unknown,Si
1337,1337,1,4.0,2,4.0,1,,0,0,1980,Unknown,No
1338,1338,0,,3,2.0,1,,0,0,2002, research scientist  -  research & development ,No
1339,1339,2,1.0,3,3.0,1,,1,0,1989,Unknown,Si
1340,1340,1,24.0,3,3.0,6,,0,4,1965,Unknown,No
1341,1341,2,13.0,2,2.0,0,,0,0,1975,Unknown,No
1342,1342,0,5.0,3,3.0,3,,0,2,1991,Unknown,Si
1343,1343,3,,2,3.0,1,,0,0,1998,Unknown,No
1344,1344,1,11.0,2,2.0,1,,0,0,1983, sales executive  -  sales ,Si
1345,1345,0,1.0,3,4.0,1,,0,0,2004,Unknown,No
1346,1346,0,1.0,2,3.0,1,,0,0,2003, laboratory technician  -  research & development ,No
1347,1347,0,6.0,3,3.0,5,,1,4,1990,Unknown,Si
1348,1348,0,7.0,4,3.0,1,,0,0,1965,Unknown,No
1349,1349,0,22.0,2,2.0,1,,0,0,1983,Unknown,Si
1350,1350,0,3.0,5,3.0,0,,0,0,1994,Unknown,Si
1351,1351,0,9.0,0,3.0,9,,0,7,1976,Unknown,No
1352,1352,0,,2,3.0,0,,0,0,2005,Unknown,Si
1353,1353,0,1.0,2,3.0,1,,0,0,2003,Unknown,No
1354,1354,0,21.0,3,4.0,1,,0,0,1981,Unknown,Si
1355,1355,0,8.0,5,3.0,1,,0,0,1973, laboratory technician  -  research & development ,Si
1356,1356,0,15.0,2,1.0,1,,0,0,1986,Unknown,Si
1357,1357,0,19.0,1,3.0,1,,0,0,1985,Unknown,No
1358,1358,1,9.0,3,2.0,1,,0,0,1987,Unknown,Si
1359,1359,0,,5,3.0,1,,0,0,1995, sales representative  -  sales ,Si
1360,1360,1,18.0,5,3.0,1,,0,0,1980,Unknown,Si
1361,1361,0,1.0,6,2.0,1,,1,0,2002, laboratory technician  -  research & development ,Si
1362,1362,3,18.0,2,4.0,10,,2,7,1972,Unknown,No
1363,1363,3,8.0,5,3.0,1,,0,0,1986, sales executive  -  sales ,No
1364,1364,2,,2,3.0,1,,0,0,1995, laboratory technician  -  research & development ,No
1365,1365,0,5.0,4,3.0,0,,0,0,1973,Unknown,Si
1366,1366,3,6.0,2,3.0,0,,0,0,1989,Unknown,Si
1367,1367,0,,2,3.0,1,,0,0,1985,Unknown,Si
1368,1368,0,16.0,3,3.0,1,,0,0,1981,Unknown,No
1369,1369,0,,0,3.0,0,,0,0,2005,Unknown,Si
1370,1370,1,6.0,4,,1,,0,0,1982,Unknown,No
1371,1371,1,,2,3.0,8,,1,7,1988, laboratory technician  -  research & development ,Si
1372,1372,3,1.0,3,3.0,1,,0,0,1991, sales representative  -  sales ,Si
1373,1373,1,1.0,5,3.0,0,,0,0,2001,Unknown,Si
1374,1374,0,6.0,3,3.0,0,,0,0,1979,Unknown,Si
1375,1375,1,5.0,2,1.0,1,,0,0,1982,Unknown,Si
1376,1376,3,,2,3.0,0,,0,0,1983,Unknown,No
1377,1377,1,1.0,3,1.0,1,,0,0,1999,Unknown,Si
1378,1378,0,,6,3.0,1,,0,0,1981,Unknown,No
1379,1379,1,23.0,2,4.0,1,,0,0,1974, manager  -  research & development ,Si
1380,1380,0,7.0,4,2.0,1,,0,0,1975,Unknown,Si
1381,1381,2,6.0,2,3.0,6,,1,0,1994, healthcare representative  -  research & development ,Si
1382,1382,0,,3,4.0,1,,0,0,1975, research director  -  research & development ,Si
1383,1383,0,2.0,5,2.0,1,,0,0,1989,Unknown,Si
1384,1384,0,1.0,2,3.0,1,,0,1,2004,Unknown,Si
1385,1385,1,1.0,2,3.0,1,0.0,0,1,2000,Unknown,No
1386,1386,0,1.0,4,3.0,1,,1,0,1998,Unknown,Si
1387,1387,0,18.0,2,3.0,1,,0,0,1981,Unknown,No
1388,1388,0,8.0,6,2.0,7,,7,7,1972,Unknown,No
1389,1389,0,22.0,4,3.0,0,,0,0,1978,Unknown,No
1390,1390,1,5.0,4,3.0,1,,0,0,1996,Unknown,Si
1391,1391,0,0.0,5,4.0,0,,0,0,2005,Unknown,No
1392,1392,0,3.0,3,4.0,1,,0,0,1992,Unknown,Si
1393,1393,0,,3,3.0,1,,0,0,1992,Unknown,No
1394,1394,0,,3,4.0,1,,0,0,1992,Unknown,No
1395,1395,0,6.0,3,4.0,5,,1,4,1996,Unknown,No
1396,1396,0,11.0,2,4.0,1,,0,0,1984,Unknown,Si
1397,1397,1,11.0,4,2.0,1,,0,0,1979,Unknown,No
1398,1398,2,1.0,2,2.0,1,,0,0,1993, research scientist  -  research & development ,No
1399,1399,1,1.0,3,3.0,1,0.0,0,0,1988,Unknown,Si
1400,1400,0,,2,2.0,0,,0,0,1999,Unknown,No
1401,1401,1,1.0,2,,1,,0,0,1999,Unknown,Si
1402,1402,0,8.0,2,2.0,0,,0,0,1995,Unknown,Si
1403,1403,1,1.0,2,1.0,1,,0,0,1995,Unknown,No
1404,1404,0,14.0,6,3.0,0,,0,0,1990,Unknown,Si
1405,1405,0,9.0,3,3.0,2,,2,2,1984,Unknown,No
1406,1406,1,,3,,1,,0,0,1981,Unknown,Si
1407,1407,2,,2,2.0,1,0.0,0,0,1994,Unknown,No
1408,1408,0,,3,3.0,3,,1,2,1988,Unknown,No
1409,1409,1,1.0,2,3.0,1,,0,0,1988,Unknown,Si
1410,1410,0,,4,,1,,0,0,1989,Unknown,No
1411,1411,0,1.0,5,3.0,1,,0,0,1997,Unknown,Si
1412,1412,0,,5,3.0,1,,0,0,1987,Unknown,Si
1413,1413,1,,2,3.0,1,,0,0,1973,Unknown,No
1414,1414,0,24.0,2,3.0,1,,0,1,1981,Unknown,No
1415,1415,1,,5,2.0,1,,0,1,1988,Unknown,No
1416,1416,0,27.0,5,1.0,26,,0,12,1977,Unknown,No
1417,1417,0,0.0,2,4.0,0,,0,0,2005, sales representative  -  sales ,Si
1418,1418,1,10.0,3,2.0,10,,0,9,1994,Unknown,Si
1419,1419,2,10.0,2,,10,,0,2,1992,Unknown,Si
1420,1420,0,21.0,2,3.0,2,,0,2,1982,Unknown,Si
1421,1421,1,7.0,5,,0,,0,0,1985,Unknown,Si
1422,1422,0,1.0,2,3.0,1,,0,0,1991,Unknown,Si
1423,1423,1,19.0,2,4.0,1,,0,0,1963,Unknown,No
1424,1424,1,1.0,2,3.0,1,,0,0,1999,Unknown,Si
1425,1425,1,18.0,3,3.0,1,,0,0,1983,Unknown,Si
1426,1426,1,10.0,2,2.0,10,,0,8,1993,Unknown,Si
1427,1427,1,4.0,3,1.0,1,,0,0,1976,Unknown,Si
1428,1428,0,10.0,2,3.0,0,,0,0,1991, sales executive  -  sales ,No
1429,1429,2,9.0,2,4.0,5,,0,3,1978,Unknown,Si
1430,1430,3,6.0,3,3.0,5,,1,2,1989,Unknown,No
1431,1431,0,,2,2.0,0,,0,0,1990,Unknown,Si
1432,1432,3,,2,3.0,1,,0,0,1992,Unknown,Si
1433,1433,1,,2,3.0,1,,0,0,1994,Unknown,Si
1434,1434,1,10.0,3,3.0,7,,1,7,1993,Unknown,No
1435,1435,1,,2,3.0,1,,1,0,1985,Unknown,Si
1436,1436,1,6.0,4,3.0,1,,0,0,1980,Unknown,No
1437,1437,3,34.0,2,3.0,1,,0,0,1968,Unknown,No
1438,1438,0,,3,3.0,1,,1,0,2002,Unknown,Si
1439,1439,0,1.0,6,3.0,1,,0,0,2001,Unknown,Si
1440,1440,0,19.0,4,2.0,10,,4,7,1986,Unknown,Si
1441,1441,2,10.0,2,2.0,0,,0,0,1981,Unknown,No
1442,1442,0,0.0,4,1.0,0,,0,0,2005,Unknown,Si
1443,1443,0,2.0,4,3.0,1,,0,0,1992,Unknown,Si
1444,1444,1,,2,3.0,1,,0,0,1987,Unknown,Si
1445,1445,0,,2,4.0,0,,0,0,1991,Unknown,Si
1446,1446,2,11.0,3,,7,,1,6,1994,Unknown,No
1447,1447,0,,3,3.0,0,,0,0,1981,Unknown,Si
1448,1448,0,,3,3.0,1,,0,0,1994,Unknown,Si
1449,1449,0,1.0,3,2.0,1,,1,0,1994,Unknown,No
1450,1450,1,1.0,3,3.0,1,,0,0,1995, sales representative  -  sales ,Si
1451,1451,0,,3,2.0,1,,0,0,1993,Unknown,No
1452,1452,0,1.0,2,3.0,1,,0,0,2001, research scientist  -  research & development ,Si
1453,1453,1,1.0,3,2.0,1,,1,0,1997,Unknown,No
1454,1454,1,10.0,5,3.0,2,0.0,2,2,1979,Unknown,Si
1455,1455,0,1.0,3,,1,,0,0,1994, sales representative  -  sales ,Si
1456,1456,0,6.0,0,3.0,2,,2,2,1995,Unknown,Si
1457,1457,1,,3,3.0,0,,0,0,1967,Unknown,Si
1458,1458,1,10.0,3,3.0,10,,7,9,1984,Unknown,Si
1459,1459,1,,2,2.0,1,,0,0,1965,Unknown,Si
1460,1460,2,14.0,4,3.0,0,,0,0,1981, sales executive  -  sales ,No
1461,1461,0,,2,3.0,1,,0,0,1996,Unknown,No
1462,1462,0,20.0,3,2.0,1,,0,0,1985,Unknown,Si
1463,1463,0,,1,3.0,1,,0,0,1991,Unknown,Si
1464,1464,3,,4,3.0,1,,0,0,1992,Unknown,Si
1465,1465,0,6.0,3,3.0,2,,1,2,1998,Unknown,No
1466,1466,2,8.0,3,2.0,1,,0,0,1983, laboratory technician  -  research & development ,Si
1467,1467,0,,3,2.0,6,,1,3,1984,Unknown,No
1468,1468,1,,3,,1,,1,0,2000,Unknown,No
1469,1469,0,,2,,9,,1,7,1988,Unknown,No
1470,1470,1,12.0,4,3.0,11,,5,7,1989,Unknown,Si
1471,1471,0,5.0,3,2.0,5,,1,4,1995,Unknown,No
1472,1472,1,6.0,5,2.0,5,,0,2,1994,Unknown,No
1473,1473,1,40.0,3,2.0,40,,15,6,1965,Unknown,Si
1474,1474,2,,6,2.0,16,,5,13,1985,Unknown,Si
1475,1475,1,11.0,5,3.0,11,,4,1,1994,Unknown,Si
1476,1476,0,37.0,2,3.0,36,,4,13,1968,Unknown,Si
1477,1477,0,,2,3.0,22,,0,4,1982,Unknown,Si
1478,1478,3,19.0,5,2.0,18,,3,7,1984, healthcare representative  -  research & development ,Si
1479,1479,1,,3,3.0,11,,2,9,1985,Unknown,Si
1480,1480,1,,3,,25,,3,9,1980,Unknown,Si
1481,1481,1,13.0,5,1.0,13,,3,12,1992,Unknown,Si
1482,1482,1,28.0,2,3.0,27,,15,7,1973, manager  -  research & development ,Si
1483,1483,0,,2,2.0,2,,2,2,1990, sales representative  -  sales ,No
1484,1484,1,6.0,2,3.0,3,,1,2,1997,Unknown,Si
1485,1485,1,8.0,2,3.0,2,,2,2,1985,Unknown,No
1486,1486,2,23.0,0,3.0,2,,2,2,1977,Unknown,Si
1487,1487,0,2.0,6,4.0,2,,2,2,2002,Unknown,Si
1488,1488,1,3.0,4,3.0,2,,2,2,1992,Unknown,No
1489,1489,1,5.0,3,3.0,5,,0,2,1988,Unknown,Si
1490,1490,0,,3,,3,,0,2,1989,Unknown,Si
1491,1491,0,6.0,3,3.0,5,,0,3,1990,Unknown,Si
1492,1492,1,,5,2.0,2,,2,2,1992, laboratory technician  -  research & development ,No
1493,1493,2,9.0,2,3.0,6,,1,3,1986,Unknown,No
1494,1494,1,4.0,0,3.0,4,2.0,2,2,1996,Unknown,No
1495,1495,1,2.0,2,4.0,2,,2,2,1988,Unknown,Si
1496,1496,1,28.0,2,3.0,5,,4,2,1967,Unknown,No
1497,1497,1,,2,,3,,0,2,1978, research scientist  -  research & development ,Si
1498,1498,0,,5,3.0,9,,1,8,1980,Unknown,Si
1499,1499,2,,3,3.0,12,,5,7,1992,Unknown,Si
1500,1500,0,,2,3.0,10,,7,7,1988,Unknown,Si
1501,1501,1,15.0,6,3.0,7,,1,7,1988, manufacturing director  -  research & development ,No
1502,1502,0,9.0,3,3.0,7,,0,2,1993,Unknown,No
1503,1503,1,13.0,2,4.0,9,7.0,3,7,1977,Unknown,No
1504,1504,2,10.0,3,4.0,8,,5,7,1978,Unknown,Si
1505,1505,1,7.0,5,3.0,7,,7,7,1980,Unknown,No
1506,1506,3,14.0,2,3.0,8,,0,7,1977,Unknown,No
1507,1507,1,22.0,3,,19,,11,16,1983, manager  -  research & development ,Si
1508,1508,0,9.0,5,2.0,8,,0,7,1996, sales executive  -  sales ,Si
1509,1509,1,18.0,3,4.0,13,,5,7,1981,Unknown,No
1510,1510,1,8.0,3,3.0,7,,7,7,1997,Unknown,Si
1511,1511,1,7.0,2,3.0,7,,0,7,1995,Unknown,Si
1512,1512,1,,4,3.0,5,,0,3,1992, research scientist  -  research & development ,Si
1513,1513,0,,1,3.0,2,,1,0,1992,Unknown,Si
1514,1514,1,3.0,2,1.0,2,,2,2,1992, research scientist  -  research & development ,Si
1515,1515,0,11.0,3,2.0,8,,7,7,1971,Unknown,No
1516,1516,0,,4,2.0,3,,2,2,1995,Unknown,Si
1517,1517,1,21.0,2,3.0,3,,1,1,1976,Unknown,Si
1518,1518,0,4.0,2,,3,,2,2,1994,Unknown,No
1519,1519,2,8.0,2,2.0,6,,0,4,1986,Unknown,No
1520,1520,2,,2,2.0,4,,0,2,2000,Unknown,No
1521,1521,1,4.0,5,3.0,3,,1,0,1981, human resources  -  human resources ,Si
1522,1522,1,4.0,2,4.0,2,,2,2,1993, sales executive  -  sales ,Si
1523,1523,0,3.0,3,3.0,3,,1,2,2002,Unknown,No
1524,1524,0,,2,3.0,3,,1,2,1966,Unknown,No
1525,1525,0,3.0,3,2.0,3,2.0,2,2,2002,Unknown,Si
1526,1526,0,3.0,5,3.0,2,,2,2,1992,Unknown,No
1527,1527,0,6.0,4,3.0,3,,1,2,1994, research scientist  -  research & development ,Si
1528,1528,1,5.0,2,3.0,5,,0,4,1996,Unknown,Si
1529,1529,0,,2,3.0,5,,0,0,1974,Unknown,No
1530,1530,1,,3,3.0,2,,2,2,1987,Unknown,Si
1531,1531,0,,3,2.0,5,,0,4,1989,Unknown,Si
1532,1532,1,,2,4.0,5,,0,3,1999,Unknown,Si
1533,1533,1,8.0,5,3.0,5,,1,2,1981,Unknown,Si
1534,1534,1,24.0,4,2.0,4,,1,2,1969,Unknown,Si
1535,1535,1,,3,3.0,3,,1,2,1989,Unknown,Si
1536,1536,1,,1,3.0,3,,1,2,1980,Unknown,Si
1537,1537,0,,3,3.0,5,,0,2,1980,Unknown,Si
1538,1538,1,4.0,3,,4,,3,2,1992,Unknown,Si
1539,1539,1,6.0,5,,2,,0,2,1998,Unknown,Si
1540,1540,2,8.0,3,2.0,2,,0,2,1978,Unknown,Si
1541,1541,0,21.0,2,3.0,20,,4,10,1978,Unknown,Si
1542,1542,1,,2,2.0,10,,9,9,1976,Unknown,No
1543,1543,1,10.0,6,2.0,7,,6,2,1988,Unknown,Si
1544,1544,0,,3,,10,,0,9,1994,Unknown,Si
1545,1545,1,12.0,4,3.0,10,,0,8,1968, laboratory technician  -  research & development ,Si
1546,1546,0,,0,,8,,7,4,1997,Unknown,Si
1547,1547,1,10.0,3,2.0,8,,7,7,1992,Unknown,No
1548,1548,0,,5,3.0,8,,1,7,1980,Unknown,No
1549,1549,3,13.0,3,3.0,7,,1,7,1992,Unknown,Si
1550,1550,0,,0,2.0,7,,0,7,1991,Unknown,No
1551,1551,0,,6,2.0,7,,0,1,1990,Unknown,Si
1552,1552,1,9.0,3,4.0,9,,0,0,1980, laboratory technician  -  research & development ,No
1553,1553,0,7.0,4,2.0,7,,0,7,1994,Unknown,Si
1554,1554,1,8.0,3,3.0,8,,0,7,1996, sales executive  -  sales ,Si
1555,1555,2,7.0,2,3.0,7,,1,7,1994,Unknown,Si
1556,1556,2,13.0,2,3.0,7,,6,7,1986,Unknown,Si
1557,1557,1,,3,3.0,8,,7,7,1997,Unknown,No
1558,1558,1,,3,3.0,7,,1,7,1983,Unknown,Si
1559,1559,0,8.0,5,3.0,8,,7,7,1982,Unknown,Si
1560,1560,1,18.0,2,2.0,7,,0,7,1972,Unknown,No
1561,1561,1,,2,2.0,18,,12,17,1986,Unknown,No
1562,1562,3,36.0,0,2.0,7,,7,7,1967,Unknown,Si
1563,1563,1,10.0,2,3.0,10,,0,7,1982, sales executive  -  sales ,Si
1564,1564,1,19.0,5,2.0,10,,0,8,1977,Unknown,No
1565,1565,0,12.0,2,2.0,11,,6,7,1993,Unknown,Si
1566,1566,0,10.0,2,3.0,8,,0,0,1988,Unknown,Si
1567,1567,1,14.0,2,3.0,9,,6,7,1975,Unknown,Si
1568,1568,1,,3,4.0,8,,3,7,1978,Unknown,No
1569,1569,1,8.0,2,,7,,1,0,1997,Unknown,Si
1570,1570,0,10.0,3,3.0,8,,0,7,1982,Unknown,Si
1571,1571,0,10.0,3,3.0,10,,5,7,1989,Unknown,No
1572,1572,2,13.0,4,4.0,7,,5,7,1992,Unknown,Si
1573,1573,1,10.0,3,3.0,8,,4,7,1980,Unknown,Si
1574,1574,0,18.0,2,4.0,14,,8,10,1970, sales executive  -  sales ,No
1575,1575,1,,2,3.0,10,,7,8,1986,Unknown,Si
1576,1576,1,16.0,1,4.0,9,,7,1,1969,Unknown,No
1577,1577,0,,2,3.0,7,,0,5,1985, sales executive  -  sales ,Si
1578,1578,1,10.0,5,3.0,10,,2,8,1994, research scientist  -  research & development ,Si
1579,1579,0,9.0,3,4.0,8,,7,7,1989,Unknown,Si
1580,1580,0,20.0,4,3.0,20,7.0,11,10,1984,Unknown,No
1581,1581,0,10.0,2,2.0,10,,0,8,1991,Unknown,Si
1582,1582,0,10.0,4,,9,,1,8,1985,Unknown,No
1583,1583,0,9.0,3,3.0,9,,0,7,1996,Unknown,No
1584,1584,0,10.0,6,3.0,7,,7,7,1991,Unknown,No
1585,1585,0,20.0,2,3.0,7,,1,7,1976,Unknown,No
1586,1586,2,9.0,4,2.0,9,,1,7,1996,Unknown,Si
1587,1587,1,22.0,3,3.0,22,,2,10,1982,Unknown,No
1588,1588,0,10.0,4,3.0,7,,3,7,1995, research scientist  -  research & development ,Si
1589,1589,1,10.0,2,3.0,8,,0,5,1987, research director  -  research & development ,No
1590,1590,1,10.0,2,2.0,8,,7,7,1993,Unknown,No
1591,1591,0,30.0,1,2.0,10,,1,1,1967,Unknown,Si
1592,1592,0,9.0,3,3.0,8,,3,1,1978,Unknown,Si
1593,1593,0,10.0,1,3.0,10,,0,9,1987,Unknown,Si
1594,1594,1,11.0,3,2.0,8,,1,1,1994,Unknown,Si
1595,1595,0,17.0,2,3.0,15,,4,12,1985,Unknown,No
1596,1596,1,8.0,2,3.0,8,,3,7,1983,Unknown,Si
1597,1597,1,24.0,4,2.0,24,,14,9,1981,Unknown,Si
1598,1598,1,,2,3.0,9,,0,5,1987,Unknown,Si
1599,1599,1,10.0,3,3.0,10,,0,7,1994,Unknown,No
1600,1600,0,,3,2.0,9,,7,3,1968,Unknown,Si
1601,1601,0,8.0,2,3.0,8,,7,5,1995, sales executive  -  sales ,No
1602,1602,1,8.0,2,3.0,8,,1,7,1997,Unknown,Si
1603,1603,0,8.0,0,3.0,8,,7,1,1979,Unknown,No
1604,1604,1,,1,2.0,7,,1,0,1982, laboratory technician  -  research & development ,Si
1605,1605,0,,2,4.0,7,,5,2,1992,Unknown,Si
1606,1606,0,,2,3.0,7,,0,7,1997, sales executive  -  sales ,Si
1607,1607,2,10.0,2,1.0,9,,8,5,1992,Unknown,Si
1608,1608,1,8.0,2,4.0,8,,6,3,1991,Unknown,Si
1609,1609,1,,6,3.0,16,,3,7,1987,Unknown,No
1610,1610,0,,5,2.0,9,,0,8,1978,Unknown,Si
1611,1611,0,9.0,3,3.0,8,,0,7,1984,Unknown,Si
1612,1612,2,12.0,3,3.0,7,,0,7,1987,Unknown,Si
1613,1613,1,,3,3.0,8,,0,7,1977,Unknown,No
